gid;name;number_;address;open;available;free;total;ticket;updated_at;globalid;created_user;created_date;last_edited_user;last_edited_date;geo_shape;geo_point_2d
901622;42_AVDA. DE LA PLATA;42;Av. de la Plata (Museo Fallero);T;18;2;20;T;28/11/2022 10:51:09;{658C2DA5-528B-40AD-A153-7367A4F3FFD0};;;;;"{""coordinates"": [-0.3586583378805894, 39.45878127329601], ""type"": ""Point""}";39.45878127329601,-0.3586583378805894
901641;061_VICENTE VIDAL;61;Vicent Vidal - Pintor Maella;T;8;12;20;T;28/11/2022 10:51:09;{6EE689FC-94B7-4447-89FB-4BDA65511ECA};;;;;"{""coordinates"": [-0.34783029886743094, 39.46129327599964], ""type"": ""Point""}";39.46129327599964,-0.34783029886743094
901655;075_CAMPOAMOR I;75;República Argentina - Campoamor;T;4;21;25;T;28/11/2022 10:51:09;{548DA05A-0276-44F7-A768-67141D337E92};;;;;"{""coordinates"": [-0.35170130420295115, 39.472113313853896], ""type"": ""Point""}";39.472113313853896,-0.35170130420295115
901626;46_AVDA. INSTITUTO OBRERO DE VALENCIA;46;Pintor Luis Arcas - Inst. Obrero Valenciano;T;14;6;20;F;28/11/2022 10:51:09;{3D5DA54B-F3F3-4D7E-8280-5538A1E77621};;;;;"{""coordinates"": [-0.35878734087160885, 39.455509261762266], ""type"": ""Point""}";39.455509261762266,-0.35878734087160885
901646;066_GUILLEN DE ANGLESOLA;66;Guillem de Anglesola - Av. Puerto;T;1;23;25;F;28/11/2022 10:51:09;{97939B65-E808-4A63-990F-8B8C64190431};;;;;"{""coordinates"": [-0.3462612916525901, 39.46427128532339], ""type"": ""Point""}";39.46427128532339,-0.3462612916525901
901658;078_AVDA. ARAGÓN I;78;Aragón - Vicente Sancho Tello;T;19;1;20;T;28/11/2022 10:51:09;{847D598E-1625-42D9-8337-DF359985C0FB};;;;;"{""coordinates"": [-0.358688329939162, 39.46994531050937], ""type"": ""Point""}";39.46994531050937,-0.358688329939162
901660;080_AMADEO SAVOIA;80;Amadeo de Saboya (frente Ayuntamiento);T;21;4;25;F;28/11/2022 10:51:09;{35259F96-FDA2-4DDD-9666-6396620487B9};;;;;"{""coordinates"": [-0.36229833944736023, 39.47374232444908], ""type"": ""Point""}";39.47374232444908,-0.36229833944736023
901664;84_SERRERIA_ESQ_PINTOR FERRER CALATAYUD;84;Serrería, 67;T;0;15;15;F;28/11/2022 10:51:09;{169C0D94-765F-4654-B911-D9237CC55CC5};;;;;"{""coordinates"": [-0.3351652508188024, 39.46729429030231], ""type"": ""Point""}";39.46729429030231,-0.3351652508188024
901668;088_AVDA. BLASCO IBAÑEZ 3;88;Blasco Ibañez, 28 (F. Geografía e Historia);T;18;22;40;T;28/11/2022 10:51:09;{622A7D21-EAB7-4C71-8E5C-5F4F73323222};;;;;"{""coordinates"": [-0.36114233248377353, 39.477512336096844], ""type"": ""Point""}";39.477512336096844,-0.36114233248377353
901680;100_AVDA. BLASCO IBAÑEZ 9;100;Blasco Ibañez - Mestre Ripoll;T;0;20;20;F;28/11/2022 10:51:09;{7234B554-8C03-4377-B30F-E5FFDECBB901};;;;;"{""coordinates"": [-0.33815025853445674, 39.471634305646866], ""type"": ""Point""}";39.471634305646866,-0.33815025853445674
901644;064_AVDA. DEL PUERTO II;64;Av. Puerto 61-63;T;2;18;20;F;28/11/2022 10:51:09;{FB4196D4-FAF7-4E56-AD86-7B5224283355};;;;;"{""coordinates"": [-0.35419531724959286, 39.46651829706714], ""type"": ""Point""}";39.46651829706714,-0.35419531724959286
901665;085_AVDA_BLASCO IBAÑEZ 1;85;Blasco Ibañez - Jaime Roig;T;8;12;23;F;28/11/2022 10:51:09;{6B18E4E2-97E1-41BB-935C-258F8175A41E};;;;;"{""coordinates"": [-0.3647153422684407, 39.479464345022826], ""type"": ""Point""}";39.479464345022826,-0.3647153422684407
901583;003_PLAZA_MUSICO_LOPEZ_CHAVARRI;3;Plaza del Musico López Chavarri;T;5;15;20;T;28/11/2022 10:51:09;{CA034A06-DA7F-49A3-B6BB-3467D3DE3CFC};;;;;"{""coordinates"": [-0.3802883976424855, 39.4768353435743], ""type"": ""Point""}";39.4768353435743,-0.3802883976424855
901587;007_PZA_DEL_MERCADO_TAULA_DE_CANVIS;7;Plaza del Mercado - Taula de Canvis;T;6;13;19;T;28/11/2022 10:51:09;{A37E073E-270F-4BAE-9316-753DDA32BE35};;;;;"{""coordinates"": [-0.3791853952972924, 39.47487233593648], ""type"": ""Point""}";39.47487233593648,-0.3791853952972924
901589;009_PLAZA_TETUAN_4;9;Plaza de Tetuán;T;24;1;25;T;28/11/2022 10:51:09;{EDD30399-8156-4EF6-9289-2851BDD0B9D3};;;;;"{""coordinates"": [-0.3699303648826442, 39.47435533016869], ""type"": ""Point""}";39.47435533016869,-0.3699303648826442
901590;010_CALLE_DEL_HOSPITAL_FRENTE_CALLE_HORNO_DEL_HOSP;10;Hospital - Horno del Hospital;T;12;3;15;T;28/11/2022 10:51:09;{69D46C57-E2B5-4C6A-82A9-5872564B6029};;;;;"{""coordinates"": [-0.38261041097634013, 39.470816323984536], ""type"": ""Point""}";39.470816323984536,-0.38261041097634013
901592;012_CALLE_MINYANA;12;Calle Salvá - Calle Poeta Querol;T;8;11;20;T;28/11/2022 10:51:09;{FE75887B-DF4B-4537-BD7A-821DA2D0154C};;;;;"{""coordinates"": [-0.3740102862977963, 39.47196722343732], ""type"": ""Point""}";39.47196722343732,-0.3740102862977963
901604;024_GRAN_VIA_RAMON_Y_CAJAL;24;Fernando el Católico - Cuenca;T;2;18;20;T;28/11/2022 10:51:09;{491E1594-2579-420F-8872-F64FBCFAC8F1};;;;;"{""coordinates"": [-0.3840274173384119, 39.469077319212495], ""type"": ""Point""}";39.469077319212495,-0.3840274173384119
901606;026_CALLE_SAN_JOSE_DE_CALASANZ;26;San José de Calasanz - Salas Quiroga;T;0;15;15;F;28/11/2022 10:51:09;{9F8BAD21-9935-4390-844F-8A4D4035C4C8};;;;;"{""coordinates"": [-0.3860524260304749, 39.46619531059966], ""type"": ""Point""}";39.46619531059966,-0.3860524260304749
901608;028_NAVARRO REVERTE;28;Navarro Reverter - Grabador Esteve;T;25;4;29;F;28/11/2022 10:51:09;{A61B3E39-ABC2-4835-8FC8-6AD390DA58E8};;;;;"{""coordinates"": [-0.36775135880068294, 39.47158231958138], ""type"": ""Point""}";39.47158231958138,-0.36775135880068294
901612;032_C/ CONDE DE ALTEA;32;Conde Altea - Almirante Cadarso;T;12;8;20;T;28/11/2022 10:51:09;{452886F6-2BDB-4807-8961-08836B45135E};;;;;"{""coordinates"": [-0.3682473649948816, 39.46600630156446], ""type"": ""Point""}";39.46600630156446,-0.3682473649948816
901599;019_JUAN_LLORENS;19;Juan Llorens - Quart;T;1;14;15;F;28/11/2022 10:51:09;{47621D10-561C-4993-9284-753463112CCE};;;;;"{""coordinates"": [-0.391590438798602, 39.47436934054566], ""type"": ""Point""}";39.47436934054566,-0.391590438798602
901601;021_JUAN_LLORENS_29;21;Juan Llorens - Literato Gabriel Miró;T;6;10;16;T;28/11/2022 10:51:09;{B8591BB2-ECAD-4661-A099-710D670A5735};;;;;"{""coordinates"": [-0.39021443540491124, 39.4723713328859], ""type"": ""Point""}";39.4723713328859,-0.39021443540491124
901611;031_CALLE SALAMANCA;31;Salamanca - Conde Altea;T;0;17;19;F;28/11/2022 10:51:09;{90F254B5-0351-426E-9371-E1FB2B925C8F};;;;;"{""coordinates"": [-0.3650283531086902, 39.467365304622646], ""type"": ""Point""}";39.467365304622646,-0.3650283531086902
901629;49_C/ RICARDO MUÑOZ SUAY;49;Ricardo Muñoz Suay - María José Victoria Fuster (C.C. El Saler);T;16;9;25;F;28/11/2022 10:51:09;{E107914C-164C-471B-87DB-DBFE9D42C152};;;;;"{""coordinates"": [-0.3571104198826364, 39.45298693239739], ""type"": ""Point""}";39.45298693239739,-0.3571104198826364
901631;51_PSO. DE LAS MORERAS;51;Moreras (Oceanográfico);T;17;3;20;T;28/11/2022 10:51:09;{986EF810-887F-4B64-BD88-A53FDA41BF60};;;;;"{""coordinates"": [-0.3472273049060467, 39.45218324552497], ""type"": ""Point""}";39.45218324552497,-0.3472273049060467
901633;53_C/ LUIS GARCIA BERLANGA;53;Alameda - Pintor Maella;T;24;1;25;F;28/11/2022 10:51:09;{3C62B727-C535-4F6A-B389-AB33E925B355};;;;;"{""coordinates"": [-0.34813930400480075, 39.45676426141678], ""type"": ""Point""}";39.45676426141678,-0.34813930400480075
901635;55_AVDA. DE FRANCIA;55;Francia - Pintor Maella;T;19;6;25;F;28/11/2022 10:51:09;{F017AF9F-8123-492D-9512-510867FADBA3};;;;;"{""coordinates"": [-0.34868630411595647, 39.45934326975421], ""type"": ""Point""}";39.45934326975421,-0.34868630411595647
901638;058_PLAZA DE ESPAÑA;58;Plaza España;T;1;19;20;T;28/11/2022 10:51:09;{FFD10133-FC3D-46E9-83CB-50395765CD64};;;;;"{""coordinates"": [-0.3815864106638383, 39.46621830848607], ""type"": ""Point""}";39.46621830848607,-0.3815864106638383
901691;111_UNIVERSIDAD POLITECNICA – JUNTO PISTAS DEPORTI;111;UPV Galileo;T;27;3;30;F;28/11/2022 10:51:09;{779F1B53-E5AA-453A-B5FA-A996B5043B60};;;;;"{""coordinates"": [-0.3395082613341325, 39.48066419504159], ""type"": ""Point""}";39.48066419504159,-0.3395082613341325
901693;113_ETS CAMINOS;113;UPV Caminos;T;38;0;38;T;28/11/2022 10:51:09;{C3CC2459-0619-43AF-AE09-B2E96934BF51};;;;;"{""coordinates"": [-0.3436112694462359, 39.48127634089521], ""type"": ""Point""}";39.48127634089521,-0.3436112694462359
901695;115_C/ DR. VICENTE ZARAGOZA;115;Cataluña - Doctor Vicente Zaragozá;T;15;0;16;F;28/11/2022 10:51:09;{A8EDDBFB-9C8A-444F-B36C-8233BD9DA6D2};;;;;"{""coordinates"": [-0.3521482985209469, 39.481562345598135], ""type"": ""Point""}";39.481562345598135,-0.3521482985209469
901711;131_CALLE SANTA AMALIA  2;131;CALLE SANTA AMALIA  2, esquina POETA BODRIA;T;8;12;20;T;28/11/2022 10:51:09;{4802E8DD-FBA5-486F-8F5C-891215A84F96};;;;;"{""coordinates"": [-0.3729122732215235, 39.48141722170027], ""type"": ""Point""}";39.48141722170027,-0.3729122732215235
901712;132_C/ RUAYA;132;Platero Suárez - Milagrosa;T;1;14;15;F;28/11/2022 10:51:09;{0CBC89DA-F267-4F97-BCE7-56767C31BE7E};;;;;"{""coordinates"": [-0.3734343681182198, 39.48528636793778], ""type"": ""Point""}";39.48528636793778,-0.3734343681182198
901714;134_C/ MAXIMILIANO THOUS;134;Maximiliano Thous - Luz Casanova;T;8;12;20;F;28/11/2022 10:51:09;{52F8CEF1-900A-48E6-8055-173FD22FDA4C};;;;;"{""coordinates"": [-0.37333936513208965, 39.48765637635625], ""type"": ""Point""}";39.48765637635625,-0.37333936513208965
901728;148_XÀTIVA_PLAZA_DE_TOROS;148;C/Xàtiva 30-32;T;30;4;35;T;28/11/2022 10:51:09;{1BF6F2B9-F609-4269-A4C6-EB30DD271A10};;;;;"{""coordinates"": [-0.3753782937388751, 39.46714522461298], ""type"": ""Point""}";39.46714522461298,-0.3753782937388751
901744;164_PAVIA 1;164;Pavía - Columbretes;T;5;11;17;F;28/11/2022 10:51:09;{D49B1811-F01E-40C8-BAE0-FCEE372E5925};;;;;"{""coordinates"": [-0.3246342149862025, 39.46846028903177], ""type"": ""Point""}";39.46846028903177,-0.3246342149862025
901724;144_CALLE_MARQUES_DE_SAN_JUAN;144;Marqués de San Juan - Diputat Lluís Lucía;T;1;14;15;F;28/11/2022 10:51:09;{0EDD5D39-E3F6-4D5F-B0E7-C3E94A73C53C};;;;;"{""coordinates"": [-0.39548044804080085, 39.4787793569025], ""type"": ""Point""}";39.4787793569025,-0.39548044804080085
901729;149_AVDA. PERIS Y VALERO;149;Peris y Valero - Salamanca;T;2;18;20;F;28/11/2022 10:51:09;{9384AD58-5BD5-4A9D-BE18-A563D16A7EC8};;;;;"{""coordinates"": [-0.36179534600499663, 39.462934287947085], ""type"": ""Point""}";39.462934287947085,-0.36179534600499663
901731;151_JERONIMO MONSORIU;151;Jerónimo Monsoriu - Alcalde Cano Coloma;T;9;11;20;F;28/11/2022 10:51:09;{7D6D37B7-0A36-4FAE-98A0-191769754E28};;;;;"{""coordinates"": [-0.33711726031421224, 39.464669282422186], ""type"": ""Point""}";39.464669282422186,-0.33711726031421224
901770;190_CTRA_MALILLA;190;Cra. Malilla - Bulevar Sur;T;2;16;18;T;28/11/2022 10:51:09;{DA98C45C-4E0F-468B-9CC5-3E4558419CF9};;;;;"{""coordinates"": [-0.38029642271654757, 39.44608224133691], ""type"": ""Point""}";39.44608224133691,-0.38029642271654757
901778;198_CALLE_FONTANARS_DELS_AFORINS;198;Fontanars dels Aforins - Vall d'Uixó;T;0;20;20;T;28/11/2022 10:51:09;{685EF355-524B-4971-88B6-1A08D56733BE};;;;;"{""coordinates"": [-0.395316462028443, 39.46088029740053], ""type"": ""Point""}";39.46088029740053,-0.395316462028443
901769;189_HOSPITAL_NUEVA_FE;189;Hospital Nueva Fe (administración);T;16;14;30;T;28/11/2022 10:51:09;{57A1B318-7D55-417F-B67D-F081F43C25ED};;;;;"{""coordinates"": [-0.37706532415787625, 39.44477922701873], ""type"": ""Point""}";39.44477922701873,-0.37706532415787625
901771;191_CTRA_MALILLA;191;Esparraguera - Cra. Malilla;T;0;15;15;F;28/11/2022 10:51:09;{B4764896-F53E-43E6-BF08-22E3F5F1BD8D};;;;;"{""coordinates"": [-0.37886641388495107, 39.45032925434954], ""type"": ""Point""}";39.45032925434954,-0.37886641388495107
901773;193_CALLE_CARTEROS;193;Uruguay - Carteros;T;13;7;20;T;28/11/2022 10:51:09;{CDE15EDF-C71D-47E9-BFDC-DBBD6A91D646};;;;;"{""coordinates"": [-0.386718436578698, 39.45514627443484], ""type"": ""Point""}";39.45514627443484,-0.386718436578698
901775;195_CALLE_GIORGETA;195;Giorgeta - Roig de Corella;T;1;14;16;F;28/11/2022 10:51:09;{44E1A52C-CAA5-49A5-A373-363AB88C6F64};;;;;"{""coordinates"": [-0.3842814248129742, 39.459384287208486], ""type"": ""Point""}";39.459384287208486,-0.3842814248129742
901777;197_CALLE_FONTANARS_DELS_AFORINS;197;Fontanars dels Aforins - Jacinto Labaila;T;3;12;15;F;28/11/2022 10:51:09;{2CE9F234-8E56-47C4-8F5F-50FEC2D3C776};;;;;"{""coordinates"": [-0.39233345436447337, 39.458184286737165], ""type"": ""Point""}";39.458184286737165,-0.39233345436447337
901723;143_AVDA. MENENDEZ PIDAL;143;Pio XII - Menéndez PIdal (Nuevo Centro);T;9;21;30;T;28/11/2022 10:51:09;{DCF19DA9-B6A7-402A-A1F1-26C7BB2115D2};;;;;"{""coordinates"": [-0.39093643241708165, 39.4795373575288], ""type"": ""Point""}";39.4795373575288,-0.39093643241708165
901727;147_CALLE_PIE_DE_LA_CRUZ_CALLE_DE_LA_REJA;147;Pie de la Cruz - Rejas;T;6;8;15;F;28/11/2022 10:51:09;{E9335479-7434-45D7-A8E2-422ADD0964BA};;;;;"{""coordinates"": [-0.3802074001545322, 39.47320133107913], ""type"": ""Point""}";39.47320133107913,-0.3802074001545322
901726;146_AVDA. CAMPANAR;146;Av. Campanar (La Fe);T;4;22;26;T;28/11/2022 10:51:09;{3BDDBDB7-3D2E-4FFF-97E8-73DC25834B17};;;;;"{""coordinates"": [-0.3909524281114989, 39.48511037548845], ""type"": ""Point""}";39.48511037548845,-0.3909524281114989
901754;174_CALLE_MONDUBER;174;Monduber - Peset Aleixandre;T;4;15;19;T;28/11/2022 10:51:09;{530464A9-F58D-4562-864E-EAC30449B2AA};;;;;"{""coordinates"": [-0.38664740957644866, 39.489438388167024], ""type"": ""Point""}";39.489438388167024,-0.38664740957644866
901681;101_AVDA. BLASCO IBAÑEZ 10;101;Marino Blas de Lezo (estación Cabañal Adif);T;10;20;30;T;28/11/2022 10:51:09;{0F96F083-F358-4217-8DC8-37EF6F3361A2};;;;;"{""coordinates"": [-0.3343612466069016, 39.47006829907817], ""type"": ""Point""}";39.47006829907817,-0.3343612466069016
901688;108_ LUIS PEIXO;108;Luís Peixó 20;T;11;3;15;T;28/11/2022 10:51:09;{5555EB06-F123-45DC-A844-542826DF9105};;;;;"{""coordinates"": [-0.3339152679031098, 39.47382619077011], ""type"": ""Point""}";39.47382619077011,-0.3339152679031098
901698;118_C/ DR. GOMEZ FERRER;118;Gómez Ferrer - Álvaro de Bazán;T;8;12;20;F;28/11/2022 10:51:09;{F47ED0E6-D0C8-43C1-90E7-7501C903EB46};;;;;"{""coordinates"": [-0.3604163266878076, 39.480466345728246], ""type"": ""Point""}";39.480466345728246,-0.3604163266878076
901767;187_AVDA_AUSIAS_MARCH;187;Ángel Villena - Ausias March;T;7;6;15;T;28/11/2022 10:51:09;{9B144FEE-0FB1-40DC-A1C9-03A29C718A77};;;;;"{""coordinates"": [-0.3688183809361798, 39.447960241518516], ""type"": ""Point""}";39.447960241518516,-0.3688183809361798
901742;162_PZA. ARMADA ESPAÑOLA;162;Armada Española - Mariano Cuber;T;10;6;19;F;28/11/2022 10:51:09;{F0AE3387-BA9A-4C55-871F-D8DDB134F457};;;;;"{""coordinates"": [-0.3297952360224295, 39.46360427573933], ""type"": ""Point""}";39.46360427573933,-0.3297952360224295
901762;182_AVDA_AUSIAS_MARCH;182;Ausias March - Pianista Amparo Iturbi;T;0;19;21;F;28/11/2022 10:51:09;{06B98481-93F0-473F-A44A-9D04C88BA7C0};;;;;"{""coordinates"": [-0.37496539716978367, 39.455432269344854], ""type"": ""Point""}";39.455432269344854,-0.37496539716978367
901766;186_CALLE_INGENIERO_JOAQUIN_BENLLOCH;186;Benifairó de Valldigna - Joaquín Benlloch;T;6;6;14;F;28/11/2022 10:51:09;{E8DBDA1A-814A-43B2-A0CB-0B5669878495};;;;;"{""coordinates"": [-0.3740153970137416, 39.45039125246078], ""type"": ""Point""}";39.45039125246078,-0.3740153970137416
901768;188_HOSPITAL_NUEVA_FE;188;Hospital Nueva Fe (consultas externas);T;40;0;40;F;28/11/2022 10:51:09;{A3F895B6-ABF4-42B5-8AEA-3DCE7FB36993};;;;;"{""coordinates"": [-0.3751583239336074, 39.44462122517277], ""type"": ""Point""}";39.44462122517277,-0.3751583239336074
901803;223_CALLE_VALLE_BALLESTERA_ESQ_PLAZA_POLICIA_LOCAL;223;Valle de la Ballestera - Hospital Nueve de Octubre;T;3;17;20;T;28/11/2022 10:51:09;{31E031E7-064A-4234-A9DD-D3EE1493AD72};;;;;"{""coordinates"": [-0.4011874677803583, 39.47855835893999], ""type"": ""Point""}";39.47855835893999,-0.4011874677803583
901805;225_CALLE_PADRE_BARRANCO_DESPUES_CALLE_BENIFAIRO;225;Padre Barranco - Carlos Ruano Llopis (Pintor);T;5;15;20;T;28/11/2022 10:51:09;{DBBF475E-F331-4BC6-9F4F-5ACCC0021579};;;;;"{""coordinates"": [-0.40114246019172434, 39.488107390420495], ""type"": ""Point""}";39.488107390420495,-0.40114246019172434
901807;227_CALLE_SAN_CLEMENTE_ENTRA_HOSPITAL_ARNAU_VILANO;227;San Clemente - Hospital Arnau de Vilanova;T;15;5;20;T;28/11/2022 10:51:09;{739E1FAE-653E-4CBF-8ABD-C01E37A78C20};;;;;"{""coordinates"": [-0.40293146422681364, 39.49024839844318], ""type"": ""Point""}";39.49024839844318,-0.40293146422681364
901817;237_LEVANTE_UD_AVDA_ECUADOR;237;Levante U.D. - Ecuador;T;3;12;15;T;28/11/2022 10:51:09;{6723EE6F-0DC9-4DC8-85B9-18149FE93BE6};;;;;"{""coordinates"": [-0.39103842063587124, 39.494758407776374], ""type"": ""Point""}";39.494758407776374,-0.39103842063587124
901819;239_LA_FLORISTA_TRANVIA_PALACIO_CONGRESOS;239;Florista - T4 (Palau de Congressos);T;4;16;20;T;28/11/2022 10:51:09;{34F75A91-BF9E-4BD7-B2E9-C0ECCF21A640};;;;;"{""coordinates"": [-0.39996444953107335, 39.4969854198013], ""type"": ""Point""}";39.4969854198013,-0.39996444953107335
901822;242_LA_SAFOR_AVDA_MAESTRO_RODRIGO;242;La Safor - Maestro Rodrigo;T;3;12;15;F;28/11/2022 10:51:09;{737A1C93-FFB3-4A29-914D-E3A116F7C49D};;;;;"{""coordinates"": [-0.4041974712326189, 39.487907391410516], ""type"": ""Point""}";39.487907391410516,-0.4041974712326189
901826;246_AVDA_TRES_CRUCES_ENTRADA_HOSPITAL_GENERAL;246;Tres Cruces - Hospital General;T;1;19;20;F;28/11/2022 10:51:09;{B2315B18-220B-420B-BEA9-9D22BD3E4EEC};;;;;"{""coordinates"": [-0.4065094941412157, 39.469090330003425], ""type"": ""Point""}";39.469090330003425,-0.4065094941412157
901787;207_CALLE_MILLARES_ESQ_CALLE_FEDERICO_GARCA_LORCA;207;Giorgeta, 64;T;7;8;15;F;28/11/2022 10:51:09;{70977259-98F4-4454-A731-516F7DC976D1};;;;;"{""coordinates"": [-0.381905420300487, 39.45539327294658], ""type"": ""Point""}";39.45539327294658,-0.381905420300487
901833;253_PLAZA_JOSE_MELIA_CASTELLO_CAMPOS_CRESPO;253;José Meliá Castelló - Campos Crespo;T;1;14;15;F;28/11/2022 10:51:09;{B20649C6-8FEF-4ADB-BE60-43A836984E94};;;;;"{""coordinates"": [-0.4011014879360589, 39.45272627278094], ""type"": ""Point""}";39.45272627278094,-0.4011014879360589
901789;209_AVDA_GASPAR_AGUILAR_ESQ_CALLE_MUSICO_PENELLA;209;Gaspar Aguilar - Músico Penella;T;6;12;18;T;28/11/2022 10:51:09;{6A8DD56E-E1BC-4E33-AB1B-FCA0ECDA09A2};;;;;"{""coordinates"": [-0.39301546105732643, 39.45208226727133], ""type"": ""Point""}";39.45208226727133,-0.39301546105732643
901793;213_CALLE_ARCHIDUQUE_CARLOS_ESQ_CALLE_JOSE_MA_MOR;213;Archiduque Carlos - José María Mortes Lerma;T;3;12;15;F;28/11/2022 10:51:09;{7D0158D8-460D-4266-8A0D-5D139C1FCBF1};;;;;"{""coordinates"": [-0.39697246591763863, 39.463165305912604], ""type"": ""Point""}";39.463165305912604,-0.39697246591763863
901809;229_CALLE_AITANA_ESQ_AVDA_BURJASSOT;229;Aitana - Florista;T;0;16;16;F;28/11/2022 10:51:09;{BB1387B8-D191-4692-AFAC-393BCBBB24D7};;;;;"{""coordinates"": [-0.39480643424749534, 39.493104403991694], ""type"": ""Point""}";39.493104403991694,-0.39480643424749534
901813;233_SAN_JUAN_BOSCO_SANTIAGO_RUSIÑOL;233;San Juan Bosco - Santiago Rusiñol;T;1;14;15;T;28/11/2022 10:51:09;{E16662AE-116C-4778-99B6-9F2EE6D2A06E};;;;;"{""coordinates"": [-0.36943734517384297, 39.497160406039164], ""type"": ""Point""}";39.497160406039164,-0.36943734517384297
901800;220_CALLE_CASTAN_TOBEÑAS_ESQ_CALLE_DE_GOYA;220;Castán Tobeñas - Patriques;T;4;12;16;T;28/11/2022 10:51:09;{66DB21B9-2855-4DE8-A974-71D486DC9F78};;;;;"{""coordinates"": [-0.3983214623957442, 39.47385534208041], ""type"": ""Point""}";39.47385534208041,-0.3983214623957442
901814;234_PLAZA MUSICO_ESPI_JOSE_ESTEVE;234;Plaza Músico Espí;T;12;3;15;F;28/11/2022 10:51:09;{54898158-62A5-4943-BB6A-B47C5C475DC1};;;;;"{""coordinates"": [-0.3736443597891149, 39.49649940567526], ""type"": ""Point""}";39.49649940567526,-0.3736443597891149
901841;261_PZA_XUQUER_ESQ_VINALOPO;261;Plaza Xuquer - Vinalopó;T;10;9;19;F;28/11/2022 10:51:09;{EBB2DD40-8BD6-473B-AA10-EADC17F4B885};;;;;"{""coordinates"": [-0.35037729588168837, 39.47667632834523], ""type"": ""Point""}";39.47667632834523,-0.35037729588168837
901845;265_C_ALCASSER_POETA_ALBERTO_LISTA;265;Alcasser - Poeta Alberto Lista;T;4;10;15;F;28/11/2022 10:51:09;{36C10721-C033-43B5-97A9-9F34E4FDE3F4};;;;;"{""coordinates"": [-0.40811749816977394, 39.470973337167365], ""type"": ""Point""}";39.470973337167365,-0.40811749816977394
901851;271_CALLE_SALVADOR_CERVERÓ_CALLE_CARLOS_CORTINA;271;Salvador Cerveró - Carlos Cortina;T;1;14;15;F;28/11/2022 10:51:09;{24F231CA-F42E-489D-A6B6-2A589B0A7FFF};;;;;"{""coordinates"": [-0.38989141267304944, 39.49927942267903], ""type"": ""Point""}";39.49927942267903,-0.38989141267304944
901853;273_CALLE_MORAIRA_CALLE_DALT_DE_LA_MAR;273;Moraira - Alta del Mar;T;11;4;15;T;28/11/2022 10:51:09;{2EB9DE86-5785-4D81-9CD7-8B5CD75B8743};;;;;"{""coordinates"": [-0.3332722584595297, 39.450305232524904], ""type"": ""Point""}";39.450305232524904,-0.3332722584595297
901855;275_CAMINO_DE_LAS_MORERAS_ESQ_RONDA_DE_NAZARET;275;Moreras - Rona de Nazaret;T;9;11;20;F;28/11/2022 10:51:09;{E954FA26-D4D7-4D5F-B3D5-BABA1881587A};;;;;"{""coordinates"": [-0.3350652633218127, 39.45230524022502], ""type"": ""Point""}";39.45230524022502,-0.3350652633218127
901852;272_VICENTE_LA_RODA_C_INGENIERO_FAUSTO_ELIO;272;Vicente la Roda - Ingeniero Fausto Elio;T;2;13;15;F;28/11/2022 10:51:09;{2C6C6C17-1FFE-4A60-8D54-A540D28064C5};;;;;"{""coordinates"": [-0.33219023115385166, 39.48062333339468], ""type"": ""Point""}";39.48062333339468,-0.33219023115385166
901854;274_MANUEL_ANDRES_CASTELL_DE_POLOP;274;San Francisco de Paula - Castell de Pop;T;9;6;15;F;28/11/2022 10:51:09;{9E62C559-C193-4C67-937E-E737439864FC};;;;;"{""coordinates"": [-0.3331882593063431, 39.44807022576504], ""type"": ""Point""}";39.44807022576504,-0.3331882593063431
901624;44_AVDA. GRAL. URRUTIA;44;General Urrutia - Av. de la Plata;T;4;15;19;T;28/11/2022 10:51:09;{CB77C7BC-24E8-4F97-8FB2-8A4F82D6F622};;;;;"{""coordinates"": [-0.36301435452576164, 39.45642926768604], ""type"": ""Point""}";39.45642926768604,-0.36301435452576164
901625;45_AVDA. GRAL. URRUTIA;45;Hermanos Maristas - General Urrutia;T;5;10;15;F;28/11/2022 10:51:09;{3F7FBF53-8FCF-44A8-909D-B8B5C2F58139};;;;;"{""coordinates"": [-0.36185535292343096, 39.45381925759081], ""type"": ""Point""}";39.45381925759081,-0.36185535292343096
901643;063_AVDA. DEL PUERTO I;63;Av Puerto 19 (Telefónica);T;19;0;20;T;28/11/2022 10:51:09;{E1326545-782E-41C3-88A6-152671A7DE89};;;;;"{""coordinates"": [-0.358414330727018, 39.46777930285978], ""type"": ""Point""}";39.46777930285978,-0.358414330727018
901623;43_C/ DE ORIENTE;43;Escultor José Capuz - Oriente;T;6;14;20;F;28/11/2022 10:51:09;{A89FBC48-5E2C-4510-91B1-1AC099112625};;;;;"{""coordinates"": [-0.36115334583643566, 39.459477276259406], ""type"": ""Point""}";39.459477276259406,-0.36115334583643566
901642;062_MENORCA;62;Menorca - Baleares;T;17;3;20;T;28/11/2022 10:51:09;{B819191E-B7D6-49BA-A1F9-5B76B725E49E};;;;;"{""coordinates"": [-0.3421522812931475, 39.45981126842254], ""type"": ""Point""}";39.45981126842254,-0.3421522812931475
901652;072_RAMIRO MAETZU;72;Ramiro de Maeztu - Peris Brell;T;0;15;15;F;28/11/2022 10:51:09;{BBF05D3E-C02F-42BD-ABBB-7BEBDF7BD573};;;;;"{""coordinates"": [-0.34644628196214244, 39.467257201162404], ""type"": ""Point""}";39.467257201162404,-0.34644628196214244
901654;074_PLAZA SAN FELIPE NERI;74;Plaza San Felipe Neri (Mercado Algirós);T;4;15;20;T;28/11/2022 10:51:09;{6B75FABC-32A6-48AD-9158-2967CA2B1201};;;;;"{""coordinates"": [-0.3537343124957471, 39.469949307546806], ""type"": ""Point""}";39.469949307546806,-0.3537343124957471
901657;77_C/ MOLINELL;77;Molinell - Calderón de la Barca;T;1;19;20;T;28/11/2022 10:51:09;{8C631D31-5B04-49C1-98B5-F3964821D00C};;;;;"{""coordinates"": [-0.36566734195835493, 39.48497336307338], ""type"": ""Point""}";39.48497336307338,-0.36566734195835493
901647;067_JUAN VERDEGUER;67;Juan Verdeguer - Toneleros;T;11;3;14;F;28/11/2022 10:51:09;{BBC2961A-677F-47B3-8640-C009D7649F6B};;;;;"{""coordinates"": [-0.33679826304022287, 39.45886026320377], ""type"": ""Point""}";39.45886026320377,-0.33679826304022287
901649;069_AVDA. DEL PUERTO;69;Av. Puerto - Serrería;T;14;11;25;F;28/11/2022 10:51:09;{C3BB42AB-6F87-4A30-8FC2-932F2D923480};;;;;"{""coordinates"": [-0.3387212679875118, 39.46195227384504], ""type"": ""Point""}";39.46195227384504,-0.3387212679875118
901651;071_AVDA DEL PUERTO VI;71;Av. Puerto - Plaza Tribunal de les Aigües;T;15;5;20;T;28/11/2022 10:51:09;{EA9387D5-C317-4757-85C4-E87844819B7A};;;;;"{""coordinates"": [-0.33353125122308164, 39.46038026686525], ""type"": ""Point""}";39.46038026686525,-0.33353125122308164
901674;094_AVDA. BLASCO IBAÑEZ 5;94;Blasco Ibañez - Clariano;T;8;12;20;F;28/11/2022 10:51:09;{0D2BAFDD-4D36-4AE0-A9FE-12FDF4DFB8A9};;;;;"{""coordinates"": [-0.35158330144926053, 39.47537832465668], ""type"": ""Point""}";39.47537832465668,-0.35158330144926053
901663;83_PZA. DE LA LEGIÓN ESPAÑOLA;83;General Elio - Llano del Real;T;14;8;25;T;28/11/2022 10:51:09;{3949A210-537D-487F-BCEF-25B18B69FC26};;;;;"{""coordinates"": [-0.3669703519914759, 39.47758533929587], ""type"": ""Point""}";39.47758533929587,-0.3669703519914759
901667;87_AVDA BLASCO IBAÑEZ 2;87;Blasco Ibañez - Doctor Gómez Ferrer (Clínico);T;28;5;33;T;28/11/2022 10:51:09;{E2AEB3B4-6A46-408F-9591-047AAF84B343};;;;;"{""coordinates"": [-0.36188033357859983, 39.47851834019109], ""type"": ""Point""}";39.47851834019109,-0.36188033357859983
901669;89_AVDA. BLASCO IBAÑEZ;89;Blasco Ibañez, 23 (F. Filosofía y Psicología);T;30;0;30;F;28/11/2022 10:51:09;{E58C2CF4-1B01-461E-BB35-A12E77068FA1};;;;;"{""coordinates"": [-0.3593183259089267, 39.47780233689744], ""type"": ""Point""}";39.47780233689744,-0.3593183259089267
901581;001_GUILLEN_DE_CASTRO;1;C/GUILLEM DE CASTRO esquina con C/NA JORDANA;T;1;24;25;T;28/11/2022 10:51:09;{42E49863-A930-4CD7-B5C3-C938F291B118};;;;;"{""coordinates"": [-0.38292927973315827, 39.48004223020643], ""type"": ""Point""}";39.48004223020643,-0.38292927973315827
901595;015_RIBERA;15;Ribera - Plaza Ayuntamiento;T;11;23;34;T;28/11/2022 10:51:09;{EDB852C4-04BF-4BB6-9484-3CE8224A77A0};;;;;"{""coordinates"": [-0.3756373880434071, 39.46908831533384], ""type"": ""Point""}";39.46908831533384,-0.3756373880434071
901582;002_CALLE_SALVADOR_GINER_CALLE_MUSEO;2;Salvador Giner - C. Museo;T;1;14;15;F;28/11/2022 10:51:09;{D429626A-5FB5-413B-8592-F22674816759};;;;;"{""coordinates"": [-0.3797483936090024, 39.479889353348874], ""type"": ""Point""}";39.479889353348874,-0.3797483936090024
901584;004_PLAZA_DE_LA_VIRGEN_CALLE_BAILIA;4;Plaza de la Virgen - Bailía;T;6;18;25;T;28/11/2022 10:51:09;{A55BF597-95BA-4988-9F9D-0947F62311F8};;;;;"{""coordinates"": [-0.37534238089458904, 39.476747340831494], ""type"": ""Point""}";39.476747340831494,-0.37534238089458904
901586;006_GUILLEN_CASTRO_CON_CALLE_SAN_PEDRO_PASCUAL;6;Guillem de Castro - San Pedro Pascual;T;9;5;15;T;28/11/2022 10:51:09;{815A77AA-E156-48EA-9D3E-0EAD377AC309};;;;;"{""coordinates"": [-0.38408341393871137, 39.472798331478145], ""type"": ""Point""}";39.472798331478145,-0.38408341393871137
901602;022_JUAN_LLORENS_57;22;Angel Guimerá - Juan Llorens;T;1;14;15;F;28/11/2022 10:51:09;{0210A353-2A04-4C07-A5ED-E90FF0E8C74A};;;;;"{""coordinates"": [-0.3883534313205414, 39.46978732404922], ""type"": ""Point""}";39.46978732404922,-0.3883534313205414
901610;030_CIRILO AMOROS;30;Cirilo Amorós - Jorge Juan (Mercado Colón);T;1;19;20;F;28/11/2022 10:51:09;{616473E9-9982-4103-9541-DCAD2A01FA0B};;;;;"{""coordinates"": [-0.36849936365579583, 39.468601309884924], ""type"": ""Point""}";39.468601309884924,-0.36849936365579583
901616;036_PZA_LOS_FUEROS_CONDE_TRENOR;36;Plaza de los Fueros - Conde Trenor;T;10;15;25;F;28/11/2022 10:51:09;{A74BB48F-6F67-41D9-AB92-DCB7A2C9DE80};;;;;"{""coordinates"": [-0.3754363798581042, 39.479072348860946], ""type"": ""Point""}";39.479072348860946,-0.3754363798581042
901618;38_AVDA. PERIS Y VALERO;38;Peris y Valero - Cabo Jubi;T;2;18;20;F;28/11/2022 10:51:09;{76A36858-7C93-4958-8A8B-22280B953817};;;;;"{""coordinates"": [-0.37024937736936264, 39.45940204927687], ""type"": ""Point""}";39.45940204927687,-0.37024937736936264
901597;017_ESTACION RENFE I;17;Xátiva - Bailén (Estación del Norte);T;3;27;30;T;28/11/2022 10:51:09;{EA034345-B817-48F4-BFEA-3E778AE1A1DF};;;;;"{""coordinates"": [-0.3772593951806123, 39.46746831099193], ""type"": ""Point""}";39.46746831099193,-0.3772593951806123
901607;027_CALLE_SAN_VICENTE_MARTIR_129;27;San Vicente Martir - Doctor Vilá Barberá;T;11;9;20;F;28/11/2022 10:51:09;{85584AF4-F818-4908-9A91-28E6F65B8582};;;;;"{""coordinates"": [-0.3818514137102655, 39.463362299305594], ""type"": ""Point""}";39.463362299305594,-0.3818514137102655
901615;35_C/ DUQUE DE CALABRIA;35;Regne de Valencia - Almirante Cadarso;T;7;11;20;T;28/11/2022 10:51:09;{27DDAA32-8C63-48CC-B72C-12D118DD212E};;;;;"{""coordinates"": [-0.36699436340059455, 39.46374929341137], ""type"": ""Point""}";39.46374929341137,-0.36699436340059455
901621;41_AVDA. GRAL. URRUTIA;41;General Urrutia - Granada;T;0;20;20;F;28/11/2022 10:51:09;{992C59A8-CF71-40BF-AFCC-B1E49C0BB0E8};;;;;"{""coordinates"": [-0.36477635908979195, 39.458912276426375], ""type"": ""Point""}";39.458912276426375,-0.36477635908979195
901637;057_CALLE PINTOR MONLEON;57;Alameda - Pintor Monleón;T;0;20;20;T;28/11/2022 10:51:09;{950E38BD-3A8D-4E8B-9536-8570D806E231};;;;;"{""coordinates"": [-0.3582563324315247, 39.46447629179199], ""type"": ""Point""}";39.46447629179199,-0.3582563324315247
901639;059_AVDA. DE BALEARES I;59;Baleares - Río Escalona;T;12;3;15;T;28/11/2022 10:51:09;{8A9E2A59-29BE-4EAD-AF67-B21298051269};;;;;"{""coordinates"": [-0.3545493213542055, 39.463088285667624], ""type"": ""Point""}";39.463088285667624,-0.3545493213542055
901628;48_AVDA. ANTONIO FERRANDIS;48;Antonio Ferrandis - General Urrutia;T;14;6;20;F;28/11/2022 10:51:09;{C2B55AC0-339C-4087-94E0-6F4B011615AF};;;;;"{""coordinates"": [-0.35855273823228967, 39.450807354184086], ""type"": ""Point""}";39.450807354184086,-0.35855273823228967
901636;56_AVDA. DE FRANCIA;56;Francia - Menorca;T;11;4;15;F;28/11/2022 10:51:09;{72584D1D-A1AE-442B-BD24-EC067567F58C};;;;;"{""coordinates"": [-0.3444052893928658, 39.45842126509135], ""type"": ""Point""}";39.45842126509135,-0.3444052893928658
901704;124_C/ AZAGADOR DE ALBORAYA;124;Azagador de Alboraya - Dolores Marqués;T;5;19;25;T;28/11/2022 10:51:09;{CECD7F80-0440-406A-B533-A696A41BB38E};;;;;"{""coordinates"": [-0.3619553259600363, 39.48850137319014], ""type"": ""Point""}";39.48850137319014,-0.3619553259600363
901710;130_C/ CONVENTO CARMELITAS;130;Convento Carmelitas - Alboraya;T;12;3;15;F;28/11/2022 10:51:09;{3E811DBD-27C3-4F36-9EC4-A5D448BE3B95};;;;;"{""coordinates"": [-0.370210358642677, 39.483238360081586], ""type"": ""Point""}";39.483238360081586,-0.370210358642677
901697;117_PRIMADO REIG;117;Gascó Oliag - Primado Reig;T;27;3;30;T;28/11/2022 10:51:09;{EB7D18EF-CB8B-4C4E-BD1A-EA63EB173652};;;;;"{""coordinates"": [-0.357065317141581, 39.47925133992885], ""type"": ""Point""}";39.47925133992885,-0.357065317141581
901707;127_C/ DUQUE DE MANDAS;127;Alfahuir - Duque de Mandas;T;1;19;20;F;28/11/2022 10:51:09;{DA8FAA71-C903-4620-B188-8DAF377AECE8};;;;;"{""coordinates"": [-0.3644463333304693, 39.49059138177909], ""type"": ""Point""}";39.49059138177909,-0.3644463333304693
901709;129_C_ALMAZORA;129;Almazora - Benimuslem;T;0;20;20;T;28/11/2022 10:51:09;{674D1C0E-6D0E-45F9-BDCB-74A9B41AC3B9};;;;;"{""coordinates"": [-0.3699453557741905, 39.485975369089516], ""type"": ""Point""}";39.485975369089516,-0.3699453557741905
901715;135_AVDA. CONSTITUCIÓN;135;Constitución - Reus;T;2;18;20;T;28/11/2022 10:51:09;{1E35F9BE-A617-43BF-83BD-9EFAC4064DBD};;;;;"{""coordinates"": [-0.37850138478156414, 39.48570237196362], ""type"": ""Point""}";39.48570237196362,-0.37850138478156414
901717;137_CALLE_ECONOMISTA_GAY;137;Economista Gay - Luis Crumiere;T;3;16;20;T;28/11/2022 10:51:09;{536575C5-25F7-43C2-B147-C83E049C7C51};;;;;"{""coordinates"": [-0.3798963873712934, 39.48903338344832], ""type"": ""Point""}";39.48903338344832,-0.3798963873712934
901716;136_CALLE_ECONOMISTA_GAY;136;Economista Gay - Constitución;T;1;19;20;F;28/11/2022 10:51:09;{3E4DDE17-335E-4B49-9D3E-78778A6595BF};;;;;"{""coordinates"": [-0.37561037166808026, 39.48994138447594], ""type"": ""Point""}";39.48994138447594,-0.37561037166808026
901720;140_AVENIDA_CAMPANAR;140;Campanar - Nicasio Benlloch;T;0;19;20;F;28/11/2022 10:51:09;{AC09FEE7-4CEB-4CF4-AF31-FB451A76E027};;;;;"{""coordinates"": [-0.3896004206542252, 39.48800438494039], ""type"": ""Point""}";39.48800438494039,-0.3896004206542252
901722;142_C/ GREGORIO GEA (PEATONAL);142;Gregorio Gea - Profesor Beltrán Báguena;T;19;6;25;F;28/11/2022 10:51:09;{4D17E6F9-0B55-4B07-9A44-7C7A6B647962};;;;;"{""coordinates"": [-0.38965942617943544, 39.48192036501599], ""type"": ""Point""}";39.48192036501599,-0.38965942617943544
901689;109_AVDA. NARANJOS;109;Naranjos - Ingeniero Fausto Elio;T;19;0;20;T;28/11/2022 10:51:09;{487E7911-1AEE-4C46-9043-544B656FA0BA};;;;;"{""coordinates"": [-0.3335102388084858, 39.4768193210939], ""type"": ""Point""}";39.4768193210939,-0.3335102388084858
901743;163_PASEO NEPTUNO;163;Paseo Neptuno 32-34;T;7;12;20;T;28/11/2022 10:51:09;{6AED7FE9-030A-4437-98E5-045D344B4DE1};;;;;"{""coordinates"": [-0.3234012136184579, 39.46443727525528], ""type"": ""Point""}";39.46443727525528,-0.3234012136184579
901745;165_PAVIA 2;165;Pavía - Espadán;T;3;17;20;T;28/11/2022 10:51:09;{4327B6C7-5ECE-4C61-ABDF-AC78C1294C5D};;;;;"{""coordinates"": [-0.3245702116150898, 39.471409299035706], ""type"": ""Point""}";39.471409299035706,-0.3245702116150898
901747;167_PAVIA 3;167;Pavía - Acequia de la Cadena;T;19;1;20;F;28/11/2022 10:51:09;{A94D7156-AE9B-455A-94F6-826053C3BBA0};;;;;"{""coordinates"": [-0.3246102088459378, 39.474908310742784], ""type"": ""Point""}";39.474908310742784,-0.3246102088459378
901749;169_PAVIA 4;169;Pavía (Instituto Isabel de Villena);T;12;8;20;T;28/11/2022 10:51:09;{4107A476-60B7-4DE2-97BF-A5D260C61A15};;;;;"{""coordinates"": [-0.32464520634897104, 39.47878532308192], ""type"": ""Point""}";39.47878532308192,-0.32464520634897104
901772;192_CTRA_MALILLA;192;Cra. Malilla - Oltá;T;0;20;20;T;28/11/2022 10:51:09;{1ADBC45F-66A1-45A4-A67C-E48376D737EB};;;;;"{""coordinates"": [-0.3787144113919625, 39.45263726161547], ""type"": ""Point""}";39.45263726161547,-0.3787144113919625
901780;200_AVDA_DEL_CID;200;Av. del Cid - Julián Peña;T;2;12;15;F;28/11/2022 10:51:09;{C056A539-C7AC-4FE0-B4C5-48E683A14ECF};;;;;"{""coordinates"": [-0.3932144497376184, 39.467737319045916], ""type"": ""Point""}";39.467737319045916,-0.3932144497376184
901757;177_CALLE_ALCUDIA;177;Alcudia de Crespins - Pedro Patricio Mey;T;0;15;15;T;28/11/2022 10:51:09;{8841E3E3-F0DB-496E-9ED0-B2B38A5BF13A};;;;;"{""coordinates"": [-0.3734883620528129, 39.493545396079504], ""type"": ""Point""}";39.493545396079504,-0.3734883620528129
901725;145_PLAZA_BADAJOZ;145;Plaza Badajoz;T;7;8;15;F;28/11/2022 10:51:09;{6FF2B89E-1C19-4042-A04C-63F41E6A03FA};;;;;"{""coordinates"": [-0.398395456094638, 39.48154736759815], ""type"": ""Point""}";39.48154736759815,-0.398395456094638
901755;175_CALLE_JUAN_XXIII;175;Juan XXIII - Domingo Gómez;T;0;15;15;T;28/11/2022 10:51:09;{13E59845-7D76-4CB0-B836-7D43B74595BA};;;;;"{""coordinates"": [-0.38271239433339566, 39.49258939642365], ""type"": ""Point""}";39.49258939642365,-0.38271239433339566
901750;170_PAVIA 5;170;Isabel de Villena - Mendizábal;T;10;10;20;F;28/11/2022 10:51:09;{CDDDFF24-E560-41D9-A24D-718DA679CEAD};;;;;"{""coordinates"": [-0.32533420529241996, 39.482973337910934], ""type"": ""Point""}";39.482973337910934,-0.32533420529241996
901752;172_AVENIDA_PIO_XII;172;Pío XII - Campanar;T;1;19;20;T;28/11/2022 10:51:09;{C7A8FA09-819C-46F2-AAFC-6CF8A9893EB6};;;;;"{""coordinates"": [-0.3933454386575609, 39.48146236504626], ""type"": ""Point""}";39.48146236504626,-0.3933454386575609
901756;176_CAMINO_DE_MONCADA_52;176;Cno. Moncada - Pedro Patricio Mey;T;3;17;20;F;28/11/2022 10:51:09;{3EB036E2-12BB-41FC-BF35-4531DED644C3};;;;;"{""coordinates"": [-0.378853381402734, 39.49201739310727], ""type"": ""Point""}";39.49201739310727,-0.378853381402734
901685;105_AVDA. DE LOS NARANJOS;105;Aularios Universidad de Valencia;T;30;0;30;F;28/11/2022 10:51:09;{7993152C-FD8D-4D9B-A712-21F504922D9B};;;;;"{""coordinates"": [-0.3443952655704271, 39.47835119969391], ""type"": ""Point""}";39.47835119969391,-0.3443952655704271
901687;107_C/ CAMPILLO ALTO BUEY;107;Campillo de Altobuey (Polideportivo);T;3;11;15;F;28/11/2022 10:51:09;{6ADE19B7-7A80-489B-B6CB-2DA2670EBB23};;;;;"{""coordinates"": [-0.3362242490922528, 39.47524531713643], ""type"": ""Point""}";39.47524531713643,-0.3362242490922528
901699;119_C/ JAIME ROIG;119;Jaime Roig - Bachiller;T;4;15;20;F;28/11/2022 10:51:09;{DB12A538-5F63-4149-863C-5FFB8EC4EF0C};;;;;"{""coordinates"": [-0.36322633473676447, 39.48252035422283], ""type"": ""Point""}";39.48252035422283,-0.36322633473676447
901701;121_C_MURTA;121;Murta - Sant Eperit;T;3;11;15;F;28/11/2022 10:51:09;{6C3038BC-78FD-48D7-B886-9CE79231BD6F};;;;;"{""coordinates"": [-0.35877131748144303, 39.48618236435413], ""type"": ""Point""}";39.48618236435413,-0.35877131748144303
901684;104_ALBALAT DELS TARONGERS;104;Albalat dels Tarongers - Paseo Facultades;T;7;13;20;T;28/11/2022 10:51:09;{37974FEC-222D-4176-8216-6A67414F8F5F};;;;;"{""coordinates"": [-0.3472752845405608, 39.478386332978474], ""type"": ""Point""}";39.478386332978474,-0.3472752845405608
901735;155_C/ SALAMANCA;155;Salamanca - Reina Doña Germana;T;0;0;20;F;28/11/2022 10:51:09;{7FBCA87B-DC78-4072-956E-E3DA4A79E78B};;;;;"{""coordinates"": [-0.3630783484267159, 39.46495329574819], ""type"": ""Point""}";39.46495329574819,-0.3630783484267159
901741;161_MEDITERRANEO;161;Mediterráneo - Plaza Cruz de Cañamelar;T;3;12;15;T;28/11/2022 10:51:09;{17A5FC76-974F-4F15-8A9B-350F61CC454E};;;;;"{""coordinates"": [-0.3317262387298495, 39.46796929073871], ""type"": ""Point""}";39.46796929073871,-0.3317262387298495
901761;181_CALLE_DEL_SALINAR;181;Zapadores, 23;T;0;15;15;T;28/11/2022 10:51:09;{A4F79C39-24FC-48AB-8FB0-C3765529A141};;;;;"{""coordinates"": [-0.3681913713233589, 39.45799927509706], ""type"": ""Point""}";39.45799927509706,-0.3681913713233589
901763;183_AVDA_AUSIAS_MARCH;183;Ausias March - Av. de la Plata;T;2;15;18;T;28/11/2022 10:51:09;{E0E42438-8F73-4853-A83E-7B8A7ED38F37};;;;;"{""coordinates"": [-0.3722843899417025, 39.45262025913349], ""type"": ""Point""}";39.45262025913349,-0.3722843899417025
901765;185_AVDA_AUSIAS_MARCH;185;Ebanista Caselles - Ausias March;T;5;10;15;F;28/11/2022 10:51:09;{2E2DEF17-7FD8-44FA-A2D2-CEF0092701D2};;;;;"{""coordinates"": [-0.3705033850186671, 39.45004424948915], ""type"": ""Point""}";39.45004424948915,-0.3705033850186671
901736;156_C/ CUBA;156;Puerto Rico - Cuba;T;0;9;15;F;28/11/2022 10:51:09;{3A69165F-98D5-497C-ABC3-4B8D773A0D33};;;;;"{""coordinates"": [-0.3763453968184098, 39.46096428829767], ""type"": ""Point""}";39.46096428829767,-0.3763453968184098
901740;160_JOSE MARIA DE HARO;160;José María de Haro - Justo y Pastor;T;14;6;20;F;28/11/2022 10:51:09;{37ED7BAB-60EB-470D-A8B5-9B6CE284D792};;;;;"{""coordinates"": [-0.33898126470999496, 39.467336291769534], ""type"": ""Point""}";39.467336291769534,-0.33898126470999496
901764;184_CALLE_BOMBER_RAMON_DUART;184;Bombero Ramón Duart - Hermanos Maristas;T;7;8;15;F;28/11/2022 10:51:09;{10CA48E7-096C-41A6-AFF9-3117B959F69D};;;;;"{""coordinates"": [-0.36557036636455215, 39.45278225629358], ""type"": ""Point""}";39.45278225629358,-0.36557036636455215
901788;208_CALLE_CARTEROS_ESQ_CALLE_MOSSEN_FEBRER;208;Carteros - Mossen Febrer;T;1;19;20;F;28/11/2022 10:51:09;{68B5FD83-03F2-4321-90E6-44A25E6F12F4};;;;;"{""coordinates"": [-0.38857844617931064, 39.451692263769644], ""type"": ""Point""}";39.451692263769644,-0.38857844617931064
901804;224_PLAZA_JOSE_MONFORTE_TUDELA_ESQ_CALLE_HERNANDEZ;224;Jorge Comin (Metge) - Terrateig;T;1;19;20;F;28/11/2022 10:51:09;{49B8E559-70F5-4F04-A6FD-F3C3D9CBF4B9};;;;;"{""coordinates"": [-0.40358847435527895, 39.480568366964896], ""type"": ""Point""}";39.480568366964896,-0.40358847435527895
901806;226_CALLE_SAFOR_ESQ_AVDA_DE_LAS_CORTES_VALENCIANAS;226;Corts Valencianes - La Safor;T;13;17;30;F;28/11/2022 10:51:09;{6EE8DC5D-EC82-4BDF-8634-AB3AECA716AB};;;;;"{""coordinates"": [-0.3988594505654264, 39.49086439918327], ""type"": ""Point""}";39.49086439918327,-0.3988594505654264
901816;236_RIO_SEGRE_RAFAEL_COMPANY;236;Rio Segre - Rafael Company;T;2;13;15;T;28/11/2022 10:51:09;{2747767F-8A32-493F-AD45-850B072E16D9};;;;;"{""coordinates"": [-0.38227839001583847, 39.49506640496422], ""type"": ""Point""}";39.49506640496422,-0.38227839001583847
901823;243_ALBACETE_ESQ_MALUQUER;243;Albacete - Maluquer;T;2;16;18;T;28/11/2022 10:51:09;{31FC0F88-1C60-4E5B-9715-4D986B2F0CE4};;;;;"{""coordinates"": [-0.3845424236611566, 39.46282029901061], ""type"": ""Point""}";39.46282029901061,-0.3845424236611566
901827;247_AVDA_TRES_CRUCES_MUSICO_AYLLON;247;Tres Cruces - Músico Ayllón;T;5;10;15;T;28/11/2022 10:51:09;{28779517-4E85-4054-80AE-A41AD0F1CB01};;;;;"{""coordinates"": [-0.4055734914728698, 39.467410323935766], ""type"": ""Point""}";39.467410323935766,-0.4055734914728698
901818;238_SAN_JOSE_ARTESANO_FRANCISCO_MOROTE_GREUS;238;San Jose Artesano - Francisco Morote Greus;T;5;10;15;F;28/11/2022 10:51:09;{BA7091A3-AF3F-4835-89EE-625FC7A3C5EA};;;;;"{""coordinates"": [-0.39438342966293366, 39.497449418355934], ""type"": ""Point""}";39.497449418355934,-0.39438342966293366
901828;248_AVDA_TRES_CRUCES_JOSE_MARIA_MORTES_LERMA;248;Tres Cruces - Jose Maria Mortes Lerma;T;2;15;20;F;28/11/2022 10:51:09;{E3235775-2DD4-4FC9-B6DC-0744C8456B40};;;;;"{""coordinates"": [-0.40496949382893443, 39.46284030885798], ""type"": ""Point""}";39.46284030885798,-0.40496949382893443
901824;244_AVDA_PIO_BAROJA_VALLE_DE_LA_BALLESTERA;244;Valle de la Ballestera - Pio Baroja;T;2;18;20;T;28/11/2022 10:51:09;{9EE4FD19-0E0E-45F1-AF7B-E8731892A414};;;;;"{""coordinates"": [-0.40613648554970433, 39.47850636088407], ""type"": ""Point""}";39.47850636088407,-0.40613648554970433
901832;252_DE_LOS_GREMIOS_CAMPOS_CRESPO;252;Dels Gremis - Campos Crespo;T;0;20;20;T;28/11/2022 10:51:09;{A55E3ABB-ED62-4BC1-B4B9-6E09657A0FF2};;;;;"{""coordinates"": [-0.40357449843597065, 39.45028826570709], ""type"": ""Point""}";39.45028826570709,-0.40357449843597065
901836;256_AVDA_TRES_FORQUES_TURIS;256;Tres Forques - Turís;T;0;15;15;F;28/11/2022 10:51:09;{A9ED2A07-9E5B-48C8-9A7C-598C3632447E};;;;;"{""coordinates"": [-0.39223544845537966, 39.46396330656933], ""type"": ""Point""}";39.46396330656933,-0.39223544845537966
901835;255_SAN_VICENTE_MARTIR_TOMAS_DE_VILLAROYA;255;Tomas de Villarroya - San Vicente;T;4;13;18;F;28/11/2022 10:51:09;{B748C802-2407-4166-AF97-FDFC2BCF06AC};;;;;"{""coordinates"": [-0.38602944085901075, 39.447703249066144], ""type"": ""Point""}";39.447703249066144,-0.38602944085901075
901797;217_CALLE_9_DE_OCTUBRE_ESQ_CALLE_PINTOR_STOLZ;217;Pintor Stolz - Nueve de Octubre;T;1;24;25;T;28/11/2022 10:51:09;{D87BE320-E014-4464-8ED8-E0E2FBEB5243};;;;;"{""coordinates"": [-0.40459648652865626, 39.47032833321364], ""type"": ""Point""}";39.47032833321364,-0.40459648652865626
901801;221_AVDA_MANUEL_DE_FALLA_ESQ_CALLE_HERNANDEZ_LAZAR;221;Manuel de Falla - Hernández Lázaro;T;4;16;20;T;28/11/2022 10:51:09;{6DCDE914-0558-4626-999B-2E9F5B9F0637};;;;;"{""coordinates"": [-0.4028534760386356, 39.475270348637764], ""type"": ""Point""}";39.475270348637764,-0.4028534760386356
901790;210_CALLE_CAMPOS_CRESPO_ESQ_CALLE_JUAN_DE_GARAY;210;Campos Crespo - Juan de Garay;T;2;13;15;T;28/11/2022 10:51:09;{8CA4C96F-C51A-4609-BBB3-77CCA8583636};;;;;"{""coordinates"": [-0.39671647037206986, 39.45555328036534], ""type"": ""Point""}";39.45555328036534,-0.39671647037206986
901794;214_CALLE_SANTA_CRUZ_DE_TENERIFE_ESQ_CALLE_LLOMBA;214;Santa Cruz de Tenerife, 21;T;0;15;15;T;28/11/2022 10:51:09;{D94F8E9B-24F0-4650-88A5-AAC35CED405C};;;;;"{""coordinates"": [-0.4005764763988502, 39.464932313028335], ""type"": ""Point""}";39.464932313028335,-0.4005764763988502
901798;218_CALLE_SALVADOR_FERRANDIS_LUNA_ESQ_CALLE_JUAN_B;218;Salvador Ferrandis Luna - Juan Bautista Vives;T;0;14;15;T;28/11/2022 10:51:09;{C6DA69DF-1DAF-444C-B525-C1D39788AB12};;;;;"{""coordinates"": [-0.3973844614710405, 39.47074033078547], ""type"": ""Point""}";39.47074033078547,-0.3973844614710405
901808;228_AVDA_NICASIO_BENLLOCH_ESQ_CALLE_L'HORTA_SUD;228;Doctor Nicasio Benlloch - L'Horta Sud;T;3;12;15;T;28/11/2022 10:51:09;{E90C0644-EA4B-4795-8563-3D9A0F2C0EAD};;;;;"{""coordinates"": [-0.398671446907537, 39.4936924079167], ""type"": ""Point""}";39.4936924079167,-0.398671446907537
901843;263_PADRE ESTEBAN_PERNET_ANTES_CASA_MISERICORDIA;263;Padre Esteban Pernet - Casa Misericordia;T;2;16;18;F;28/11/2022 10:51:09;{35DA26DB-1650-4BFF-AD02-F4E487E91D3B};;;;;"{""coordinates"": [-0.4096445056541294, 39.467043324648515], ""type"": ""Point""}";39.467043324648515,-0.4096445056541294
901847;267_C_BENIFERRI_VICENTE_TOMAS_MARTI;267;Beniferri - Vicent Tomás Martí;T;3;12;16;F;28/11/2022 10:51:09;{453C7867-F08F-408F-82F3-8DA5E8A67DD0};;;;;"{""coordinates"": [-0.4059294716064297, 39.49416841275147], ""type"": ""Point""}";39.49416841275147,-0.4059294716064297
901849;269_CAMPAMENTO_81;269;Campamento, 81;T;1;14;15;F;28/11/2022 10:51:09;{A3E594B2-7557-4602-BC8E-A8795E8DB1E5};;;;;"{""coordinates"": [-0.42626353678444817, 39.49990744160243], ""type"": ""Point""}";39.49990744160243,-0.42626353678444817
901838;258_PINTOR_RAFAEL_SOLVES_ESQ_JOSE_SOTO_MICO;258;Pintor Rafael Solves - Jose Soto Mico;T;0;15;15;T;28/11/2022 10:51:09;{609F5B29-68F5-44C0-81DA-F1C558EC0AF9};;;;;"{""coordinates"": [-0.3891374575312111, 39.43982822413676], ""type"": ""Point""}";39.43982822413676,-0.3891374575312111
901840;260_DELS_FERRERS_ESQ_TRAGINERS;260;Traginers - Pedrapiquers;T;13;7;20;F;28/11/2022 10:51:09;{DB6FFF80-2F81-4A21-86B2-0E50ACF9FEAC};;;;;"{""coordinates"": [-0.4072175039832668, 39.45955629873093], ""type"": ""Point""}";39.45955629873093,-0.4072175039832668
901842;262_AVDA_TRES_FORQUES_COLONIA_ESPANOLA_DE_MEXICO;262;Tres Forques - Colonia Española de Mexico;T;5;13;20;T;28/11/2022 10:51:09;{39B47692-D5BB-45E2-8BF0-DC0A9D72F54F};;;;;"{""coordinates"": [-0.40922550688289966, 39.463472312903384], ""type"": ""Point""}";39.463472312903384,-0.40922550688289966
901846;266_PLANA_ALTA_ESQ_AVDA_MAESTRO_RODRIGO;266;Canal de Navarrés - Maestro Rodrigo;T;0;18;18;T;28/11/2022 10:51:09;{D7E73FBC-B76E-4EF8-930F-89EDBA40247B};;;;;"{""coordinates"": [-0.40637147642320165, 39.49028940014262], ""type"": ""Point""}";39.49028940014262,-0.40637147642320165
901850;270_CALLE_NINOT_ESQ_PZA_REGINO_MAS;270;Ninot - Regino Mas;T;0;16;16;T;28/11/2022 10:51:09;{2864C6AC-6C9B-4AB3-93A4-41CF9946727E};;;;;"{""coordinates"": [-0.39288942312141745, 39.50007542649037], ""type"": ""Point""}";39.50007542649037,-0.39288942312141745
901673;93_AVADA_BLASCO_IBAÑEZ_DESP_C_POETA_DURAN_TORTAJAD;93;Blasco Ibañez - Poeta Durán Tortajada;T;9;29;38;T;28/11/2022 10:51:09;{BBB5E657-162C-497B-811C-64855A851695};;;;;"{""coordinates"": [-0.34380927742382206, 39.472282310670764], ""type"": ""Point""}";39.472282310670764,-0.34380927742382206
901677;097_AVDA. BLASCO IBAÑEZ 7;97;Blasco Ibañez 121;T;15;8;23;F;28/11/2022 10:51:09;{1BB577AE-52EF-4C75-BC1F-C617CBC68DC6};;;;;"{""coordinates"": [-0.3431322739648798, 39.47306831276613], ""type"": ""Point""}";39.47306831276613,-0.3431322739648798
901679;099_AVDA. BLASCO IBAÑEZ 8;99;Blasco Ibañez - Pintor José Mongrell;T;3;18;21;T;28/11/2022 10:51:09;{BA22D456-9651-445D-A740-24F40621A3A6};;;;;"{""coordinates"": [-0.3404842660990001, 39.47134430635022], ""type"": ""Point""}";39.47134430635022,-0.3404842660990001
901627;47_AVDA. AUTOPISTA DEL SALER;47;Autopista del Saler - Puente Monteolivete;T;15;4;20;T;28/11/2022 10:51:09;{C9AF76CD-5706-4A10-BB2C-053C65C178C1};;;;;"{""coordinates"": [-0.35541832880362817, 39.45651226440267], ""type"": ""Point""}";39.45651226440267,-0.35541832880362817
901650;70_CALLE_COLON_ESQ_ALMIRANTE_ROGER_DE_LAURIA;70;Colón, 44;T;12;5;17;F;28/11/2022 10:51:09;{2336F821-77E3-42D0-9215-FC7C69BE4025};;;;;"{""coordinates"": [-0.3716462894107889, 39.469213221319464], ""type"": ""Point""}";39.469213221319464,-0.3716462894107889
901656;076_CAMPOAMOR II;76;Campoamor - Músico Ginés;T;1;18;19;T;28/11/2022 10:51:09;{3BC4D3B3-7165-4B99-8CD4-C3DDD4063262};;;;;"{""coordinates"": [-0.343461277578989, 39.47008330347364], ""type"": ""Point""}";39.47008330347364,-0.343461277578989
901659;079_AVDA. ARAGON II;79;Aragón - Ernesto Ferrer;T;14;6;20;F;28/11/2022 10:51:09;{F057A589-19BC-4F0D-9287-2D239222A60F};;;;;"{""coordinates"": [-0.357242322435451, 39.4727793187067], ""type"": ""Point""}";39.4727793187067,-0.357242322435451
901653;073_JERONIMO MONSORIU;73;Jerónimo Monsoriu - Industria;T;0;20;20;T;28/11/2022 10:51:09;{AB361942-8C5E-4775-964A-F571C46F2DB4};;;;;"{""coordinates"": [-0.3428792786496773, 39.4662592905475], ""type"": ""Point""}";39.4662592905475,-0.3428792786496773
901662;082_GUILLEN_DE_CASTRO_TORRES_DE_QUART;82;Guillem de Castro (Torres de Quart);T;13;2;15;F;28/11/2022 10:51:09;{4B9AE619-77BC-4FD9-93E1-DDD99A86E96C};;;;;"{""coordinates"": [-0.3839144104057024, 39.47605634238628], ""type"": ""Point""}";39.47605634238628,-0.3839144104057024
901666;86_AVDA_GASPAR_AGUILAR_ESQ_VICENTE_PARRA;86;Gaspar Aguilar - Vicente Parra;T;9;11;20;T;28/11/2022 10:51:09;{3994E0AF-E719-4FC1-BB3B-8696FFEE0118};;;;;"{""coordinates"": [-0.39119345191575566, 39.4552402764855], ""type"": ""Point""}";39.4552402764855,-0.39119345191575566
901670;90_AVDA. BLASCO IBAÑEZ;90;Blasco Ibañez, 32 (F. Filología);T;34;6;40;F;28/11/2022 10:51:09;{B08B3A0C-FC88-475B-96DA-8D08FB72EC87};;;;;"{""coordinates"": [-0.3589673254467337, 39.47673433298103], ""type"": ""Point""}";39.47673433298103,-0.3589673254467337
901672;092_AVDA. DE ARAGON, 4 - ESQ AVDA BLASCO IBAÑEZ;92;Blasco Ibañez - Aragón;T;16;4;20;T;28/11/2022 10:51:09;{903BA9F7-9680-4123-87CD-9473543154F5};;;;;"{""coordinates"": [-0.35596831583559707, 39.47586032883543], ""type"": ""Point""}";39.47586032883543,-0.35596831583559707
901678;098_SANTOS JUSTO Y PASTOR;98;Justo y Pastor - Duque de Gaeta;T;11;4;15;T;28/11/2022 10:51:09;{AEA0DCCE-8DB9-4259-8E9F-EAF01B6F0CD0};;;;;"{""coordinates"": [-0.348442294427372, 39.469680303996114], ""type"": ""Point""}";39.469680303996114,-0.348442294427372
901661;081_DOCTOR FORNOS;81;Micer Mascó - Rodriguez Fornos;T;12;8;20;F;28/11/2022 10:51:09;{11D1654F-DDB7-460B-9A69-2C8077A6B49C};;;;;"{""coordinates"": [-0.36097833354659675, 39.47512832851177], ""type"": ""Point""}";39.47512832851177,-0.36097833354659675
901671;091_CALLE_GRABADOR_JORDAN_46_PLAZA_ESCULTOR_PASTOR;91;Grabador Jordan - Escultor Pastor;T;7;8;15;F;28/11/2022 10:51:09;{E1A19D67-BF19-4B61-8613-66D4B3E8853F};;;;;"{""coordinates"": [-0.36757337969703135, 39.44412522887422], ""type"": ""Point""}";39.44412522887422,-0.36757337969703135
901675;95_AVDA. DE LOS NARANJOS;95;Naranjos (Magisterio);T;32;1;33;F;28/11/2022 10:51:09;{0FBEF277-3AF2-439D-B8ED-238D83529AAD};;;;;"{""coordinates"": [-0.34611927939668474, 39.47983533734356], ""type"": ""Point""}";39.47983533734356,-0.34611927939668474
901645;065_AVDA. DEL PUERTO III;65;Av. Puerto - Doctor Manuel Candela;T;0;19;19;T;28/11/2022 10:51:09;{77CDBBB8-91C3-4EA5-A8CE-4DC7580DC298};;;;;"{""coordinates"": [-0.3508373061951808, 39.465516292011046], ""type"": ""Point""}";39.465516292011046,-0.3508373061951808
901676;096_AVDA. BLASCO IBAÑEZ 6;96;Blasco Ibañez - Yecla;T;6;15;21;T;28/11/2022 10:51:09;{77FA3722-DADF-40EC-9C14-CC95BD92A37B};;;;;"{""coordinates"": [-0.3482142912637639, 39.47355431688417], ""type"": ""Point""}";39.47355431688417,-0.3482142912637639
901596;016_COLON I;16;Colón, 60;T;20;0;20;T;28/11/2022 10:51:09;{2B55B958-8CEC-4794-B542-0F38473226FF};;;;;"{""coordinates"": [-0.3704333693720587, 39.470092316192336], ""type"": ""Point""}";39.470092316192336,-0.3704333693720587
901585;005_PINTOR_LOPEZ_PZA_POETA_LLORENTE;5;Plaza Poeta Llorente;T;14;1;15;T;28/11/2022 10:51:09;{17D2EBDF-75A1-4AA9-896E-87446AC7E9C5};;;;;"{""coordinates"": [-0.3711403661399108, 39.476895339123786], ""type"": ""Point""}";39.476895339123786,-0.3711403661399108
901591;011_PZA_AYTO_CON_CALLE_COTANDA;11;Plaza Ayuntamiento - Cotanda;T;26;1;27;T;28/11/2022 10:51:09;{F8A9A3A6-9F36-4FC7-86EC-983FBF68A893};;;;;"{""coordinates"": [-0.3767843903416451, 39.47118632283677], ""type"": ""Point""}";39.47118632283677,-0.3767843903416451
901593;013_PZA. ALFONSO MAGNANIMO_CON_CALLE_LA_NAVE;13;Alfonso el Magnánimo - Nave;T;22;2;24;T;28/11/2022 10:51:09;{BBEBA9EA-B22F-464B-AD96-B2152986149E};;;;;"{""coordinates"": [-0.37087436964085335, 39.4720623227334], ""type"": ""Point""}";39.4720623227334,-0.37087436964085335
901588;008_PLAZA_DE_LA_REINA_ESQUINA_CALLE_DEL_MAR;8;Plaza de la Reina - Mar;F;8;1;9;T;28/11/2022 10:51:09;{6916FEB0-019C-4E0F-8A25-880E2EEDB0AC};;;;;"{""coordinates"": [-0.3750843825510484, 39.47432033281947], ""type"": ""Point""}";39.47432033281947,-0.3750843825510484
901594;014_BARÓN CARCER;14;Huesca - Barón de Cárcer;T;14;6;20;T;28/11/2022 10:51:09;{8F7E59B3-B517-4D38-B3CF-08481B7B0406};;;;;"{""coordinates"": [-0.37972440222295445, 39.46896731649349], ""type"": ""Point""}";39.46896731649349,-0.37972440222295445
901598;018_COLON II;18;Colón 20-22;T;24;0;24;T;28/11/2022 10:51:09;{F86C881F-FFBC-400E-B3A7-3F19A7C203A9};;;;;"{""coordinates"": [-0.37312937987373457, 39.468191311513856], ""type"": ""Point""}";39.468191311513856,-0.37312937987373457
901600;020_FERNANDO_EL_CATOLICO_CALLE_QUART;20;Quart - Fernando el Católico;T;6;10;16;T;28/11/2022 10:51:09;{4BCD54AA-DB47-421B-A0F8-DD62A2E2A904};;;;;"{""coordinates"": [-0.3878474253260651, 39.47503434099054], ""type"": ""Point""}";39.47503434099054,-0.3878474253260651
901614;34_AVDA. ANTIGUO REINO DE VALENCIA;34;Regne de Valencia - Doctor Sumsi;T;3;14;17;F;28/11/2022 10:51:09;{5016A787-1D30-4725-B253-6AC4B0038C11};;;;;"{""coordinates"": [-0.36996137299092113, 39.46412229654908], ""type"": ""Point""}";39.46412229654908,-0.36996137299092113
901620;40_CALLE_BARCAS_FRENTE _TEATRO_PRINCIPAL;40;Barcas, 11;T;10;16;26;T;28/11/2022 10:51:09;{CC4CECB5-A436-40C5-9E4B-5B9662C64652};;;;;"{""coordinates"": [-0.3748243837183276, 39.470466319701956], ""type"": ""Point""}";39.470466319701956,-0.3748243837183276
901603;023_GRAN_VIA_FERNANDO_EL_CATOLICO;23;Fernando el Católico - Erudito Orellana;T;15;4;19;T;28/11/2022 10:51:09;{7936B1AF-9791-4808-9DAF-11F4E46EF5F4};;;;;"{""coordinates"": [-0.3861784216967592, 39.471628328748515], ""type"": ""Point""}";39.471628328748515,-0.3861784216967592
901605;025_CALLE_DEL_ALBERIC;25;Alberique, 18 (Abastos);T;5;18;23;T;28/11/2022 10:51:09;{78883CC0-90D9-40A1-8D54-0FC348200C66};;;;;"{""coordinates"": [-0.38861043334080225, 39.46772931656263], ""type"": ""Point""}";39.46772931656263,-0.38861043334080225
901609;029_PLAZA AMERICA;29;Plaza América - Cirilo Amorós - Sorní;T;13;7;20;T;28/11/2022 10:51:09;{4DE13D95-E817-4610-BC1D-6B829E7328B9};;;;;"{""coordinates"": [-0.3652993525279599, 39.47011231364647], ""type"": ""Point""}";39.47011231364647,-0.3652993525279599
901613;033_GRAN_VIA_GERMANIAS_ESQ_CALLE_RUZAFA;33;Germanías - Ruzafa;T;14;6;20;T;28/11/2022 10:51:09;{C860EA9A-CDBD-4CAE-B836-4115C4455AEB};;;;;"{""coordinates"": [-0.37399038562310283, 39.46481830023885], ""type"": ""Point""}";39.46481830023885,-0.37399038562310283
901617;37_AVDA. PERIS Y VALERO;37;Peris y Valero - Luis Santángel;T;6;14;20;T;28/11/2022 10:51:09;{110DD678-D84E-44EA-9FBB-C840E94DE634};;;;;"{""coordinates"": [-0.3664406250017559, 39.460937800028375], ""type"": ""Point""}";39.460937800028375,-0.3664406250017559
901619;39_AVDA. PERIS Y VALERO;39;Peris y Valero - Cuba;T;0;19;19;T;28/11/2022 10:51:09;{B0EFB954-DAD8-4FA3-98F8-F0FE2DF175CF};;;;;"{""coordinates"": [-0.3739313916673185, 39.457854277261184], ""type"": ""Point""}";39.457854277261184,-0.3739313916673185
901630;50_AVDA. AUTOPISTA DEL SALER;50;Autopista del Saler - Antonio Ferrandis (C.C. El Saler);T;23;17;40;T;28/11/2022 10:51:09;{818538C0-0D0D-417B-97A2-916B511C4D58};;;;;"{""coordinates"": [-0.3528593228128155, 39.453318252515686], ""type"": ""Point""}";39.453318252515686,-0.3528593228128155
901632;52_C/ LUIS GARCIA BERLANGA;52;Luis García Berlanga Martí - Menorca;T;13;11;25;T;28/11/2022 10:51:09;{806C8521-E7DC-4278-8814-94946C412DD9};;;;;"{""coordinates"": [-0.3463402980947426, 39.45603425797373], ""type"": ""Point""}";39.45603425797373,-0.3463402980947426
901634;54_PASEO ALAMEDA;54;Plaza de Europa;T;1;18;20;T;28/11/2022 10:51:09;{D43D8696-B5CD-4A49-A117-8A8EF0C2C952};;;;;"{""coordinates"": [-0.3526903171951741, 39.459778273617445], ""type"": ""Point""}";39.459778273617445,-0.3526903171951741
901640;060_AVDA.BALEARES II;60;Baleares - Lebón;T;1;18;19;F;28/11/2022 10:51:09;{4466439A-4F85-459E-BDBC-048B21A016BE};;;;;"{""coordinates"": [-0.3517763125261459, 39.46223128102797], ""type"": ""Point""}";39.46223128102797,-0.3517763125261459
901648;068_AVDA. DEL PUERTO IV;68;Av. Puerto - José Aguilar;T;0;19;20;T;28/11/2022 10:51:09;{055307EF-B660-4D41-AB62-59EE922DAA55};;;;;"{""coordinates"": [-0.3417332778594022, 39.46280327868023], ""type"": ""Point""}";39.46280327868023,-0.3417332778594022
901694;114_ADOLFO SUAREZ;114;UPV Informática;T;23;7;30;F;28/11/2022 10:51:09;{74158F2C-9423-4CC6-9D34-268D1B9E50E7};;;;;"{""coordinates"": [-0.346591279156021, 39.4818043438759], ""type"": ""Point""}";39.4818043438759,-0.346591279156021
901696;116_C/ DR. VICENTE ZARAGOZA;116;Doctor Vicente Zaragozá - Ramón Asensio;T;1;14;15;T;28/11/2022 10:51:09;{D2664FBE-2D6B-4253-B70E-F048F4B3F0E1};;;;;"{""coordinates"": [-0.3575613154471814, 39.48325335356676], ""type"": ""Point""}";39.48325335356676,-0.3575613154471814
901702;122_C_MÚSICO HIPÓLITO MARTÍNEZ;122;Músico Hipólito Martínez - Diógenes López Mecho;T;0;15;15;F;28/11/2022 10:51:09;{870EFA38-2168-4137-8071-67F5423C6172};;;;;"{""coordinates"": [-0.3540663028794564, 39.48448535604776], ""type"": ""Point""}";39.48448535604776,-0.3540663028794564
901706;126_C/ ALFAUIR;126;Alfahuir - José Chabas Bordehore;T;0;9;20;F;28/11/2022 10:51:09;{3DB22C2E-1D61-41C3-B606-DDAA936A74E2};;;;;"{""coordinates"": [-0.36010431604895277, 39.49309838788837], ""type"": ""Point""}";39.49309838788837,-0.36010431604895277
901708;128_C/ ALFAUIR;128;Alfahuir - Peñiscola;T;11;14;25;T;28/11/2022 10:51:09;{1A06077A-C8FC-4FA5-A713-101BF570F584};;;;;"{""coordinates"": [-0.367544345093534, 39.48876637693274], ""type"": ""Point""}";39.48876637693274,-0.367544345093534
901692;112_AVDA. DE LOS NARANJOS;112;Manuel Broseta i Pont - Naranjos;T;37;2;40;T;28/11/2022 10:51:09;{D5E8E7B4-C475-487F-93C0-33F9475F71E6};;;;;"{""coordinates"": [-0.34227526701990957, 39.47858033137406], ""type"": ""Point""}";39.47858033137406,-0.34227526701990957
901713;133_C/ ALFAMBRA;133;Alfambra - Poeta Monmeneu;T;0;15;15;F;28/11/2022 10:51:09;{9B79BE44-E80D-4071-9EB4-1A6C4BDE7707};;;;;"{""coordinates"": [-0.37588237827023757, 39.48275636079257], ""type"": ""Point""}";39.48275636079257,-0.37588237827023757
901748;168_AVDA. MALVARROSA;168;Malvarrosa - Río Tajo;T;5;10;15;F;28/11/2022 10:51:09;{48B579B3-C8C0-4608-A01E-F4430D97EB59};;;;;"{""coordinates"": [-0.32788721869941045, 39.47687131828106], ""type"": ""Point""}";39.47687131828106,-0.32788721869941045
901718;138_SAN_PANCRACIO;138;San Pancracio - Periodista Llorente;T;8;11;20;F;28/11/2022 10:51:09;{9283D9FD-CC76-4B44-ADC5-A8838407D6E9};;;;;"{""coordinates"": [-0.38422240207482833, 39.48819038284581], ""type"": ""Point""}";39.48819038284581,-0.38422240207482833
901721;141_C/ GREGORIO GEA (PEATONAL);141;Gregorio Gea - Padre Ferris;T;12;8;20;T;28/11/2022 10:51:09;{FEF74C64-8FED-4CC4-8B86-74B9C2FC66CA};;;;;"{""coordinates"": [-0.3851564091174212, 39.483268367245344], ""type"": ""Point""}";39.483268367245344,-0.3851564091174212
901730;150_DR. MANUEL CANDELA;150;Manuel Candela - Rodriguez de Cepeda;T;1;24;25;F;28/11/2022 10:51:09;{38BF66D9-284A-4014-BA7E-3A938DB42612};;;;;"{""coordinates"": [-0.35060930364544307, 39.46772129856667], ""type"": ""Point""}";39.46772129856667,-0.35060930364544307
901734;154_PESCADORES;154;Pescadores - Progreso;T;10;5;15;F;28/11/2022 10:51:09;{0D413653-DE68-4630-BF0A-E3955ACE23B4};;;;;"{""coordinates"": [-0.3295542305651281, 39.469876296228996], ""type"": ""Point""}";39.469876296228996,-0.3295542305651281
901746;166_PROGRESO;166;Don Vicente Guillot - Progreso;T;8;7;15;F;28/11/2022 10:51:09;{5C4D5E8C-1659-4C13-87A3-40A0C7ECE2EE};;;;;"{""coordinates"": [-0.32881122495787873, 39.47334930757559], ""type"": ""Point""}";39.47334930757559,-0.32881122495787873
901732;152_C/ LITERATO AZORÍN;152;Reina Doña María - Cádiz;T;1;14;15;T;28/11/2022 10:51:09;{285026C8-649F-469E-B3D3-5258E4B4D551};;;;;"{""coordinates"": [-0.3727053849231208, 39.460925286769694], ""type"": ""Point""}";39.460925286769694,-0.3727053849231208
901733;153_C/ LLANO DE ZAIDA;153;Llano de la Zaidía - Doctor Olóriz;T;11;13;24;T;28/11/2022 10:51:09;{8D5A215C-08B9-4C21-8F65-961E8D7145DC};;;;;"{""coordinates"": [-0.3805912745331588, 39.48305822805289], ""type"": ""Point""}";39.48305822805289,-0.3805912745331588
901751;171_CALLE GRAN CANARIA;171;Gran Canaria - Ingeniero Manuel Maese;T;5;9;15;F;28/11/2022 10:51:09;{450ED4B2-F0EB-4195-BDD0-5CD7E59BA4C2};;;;;"{""coordinates"": [-0.32900821806202085, 39.483060339803416], ""type"": ""Point""}";39.483060339803416,-0.32900821806202085
901774;194_ESTACION_AVE_JOAQUIN_SOROLLA;194;Estación AVE Joaquín Sorolla;T;4;34;40;T;28/11/2022 10:51:09;{36ABF75A-50DD-4635-A04C-0D97382C641A};;;;;"{""coordinates"": [-0.38097441235847007, 39.461018290993636], ""type"": ""Point""}";39.461018290993636,-0.38097441235847007
901776;196_AVDA_GASPAR_AGUILAR;196;Jerónimo Muñoz - Gaspar Aguilar;T;4;11;15;T;28/11/2022 10:51:09;{C9B360A0-E8C0-4CF4-9825-20BC3EA8011F};;;;;"{""coordinates"": [-0.3880664379854734, 39.45957528956863], ""type"": ""Point""}";39.45957528956863,-0.3880664379854734
901779;199_CALLE_BEATO_NICOLAS_FACTOR;199;Beato Nicolás Factor - Convento de Jesús;T;5;10;15;F;28/11/2022 10:51:09;{674DAF0E-113E-4D61-BD30-3405A6676C04};;;;;"{""coordinates"": [-0.39155844823975844, 39.46158829801141], ""type"": ""Point""}";39.46158829801141,-0.39155844823975844
901719;139_C/ REUS;139;Reus - Alquería de la Estrella;T;1;14;15;F;28/11/2022 10:51:09;{9C0E721F-D064-4598-A169-351EB9AFAF3C};;;;;"{""coordinates"": [-0.38287339995719183, 39.485706374097916], ""type"": ""Point""}";39.485706374097916,-0.38287339995719183
901753;173_AVENIDA_PIO_XII_34;173;Pío XII - Monestir de Poblet;T;2;18;20;F;28/11/2022 10:51:09;{EFA64961-3C07-4297-9E18-3382DACD4A82};;;;;"{""coordinates"": [-0.394678441209281, 39.484541375368174], ""type"": ""Point""}";39.484541375368174,-0.394678441209281
901683;103_RUBEN DARIO;103;Rubén Darío - Plaza Fray Luis Colomer;T;1;14;15;F;28/11/2022 10:51:09;{281E3DEA-3589-426B-B922-9ED9C4868EF2};;;;;"{""coordinates"": [-0.3523713017453889, 39.47845333567255], ""type"": ""Point""}";39.47845333567255,-0.3523713017453889
901703;123_C_ALBOCACER;123;Albocácer - Vinaroz;T;1;19;20;F;28/11/2022 10:51:09;{1EE97217-C16B-4D5D-9330-8E109F1C96AC};;;;;"{""coordinates"": [-0.36484133609518726, 39.487671371814656], ""type"": ""Point""}";39.487671371814656,-0.36484133609518726
901705;125_C/ MASQUEFA;125;Masquefa, 42 - 44;T;2;13;15;F;28/11/2022 10:51:09;{CA4FF667-AC49-463B-9935-57EFE16EBDAE};;;;;"{""coordinates"": [-0.3586183142345537, 39.489693375775445], ""type"": ""Point""}";39.489693375775445,-0.3586183142345537
901682;102_AVDA.RAMON LLUL;102;Ramón Llull - Serpis;T;17;3;20;F;28/11/2022 10:51:09;{B52FEAA8-A5DE-468A-9D94-559694F4A42B};;;;;"{""coordinates"": [-0.346720283882565, 39.47583332394092], ""type"": ""Point""}";39.47583332394092,-0.346720283882565
901686;106_AVDA. DE LOS NARANJOS;106;Albalat dels Tarongers - Professor Ernest Lluch;T;25;0;25;F;28/11/2022 10:51:09;{19BC0E9A-32D0-409C-B8F0-EBC64F773FE1};;;;;"{""coordinates"": [-0.34138726522688073, 39.47674432466283], ""type"": ""Point""}";39.47674432466283,-0.34138726522688073
901690;110_KISSHOMARU;110;UPV Trinquet;T;29;1;30;F;28/11/2022 10:51:09;{A5AB7D9B-8866-4EDB-8D05-BB1F09B36786};;;;;"{""coordinates"": [-0.33668024623462534, 39.48074033571707], ""type"": ""Point""}";39.48074033571707,-0.33668024623462534
901700;120_C_DR VICENTE ZARAGOZA;120;Doctor Vicente Zaragozá - Emilio Baró;T;2;16;18;T;28/11/2022 10:51:09;{D5DC5DC9-9E6D-4114-AD7A-1659BF3035D1};;;;;"{""coordinates"": [-0.36204632906281087, 39.484880361257815], ""type"": ""Point""}";39.484880361257815,-0.36204632906281087
901737;157_AVENIDA_PEREZ_GALDOS;157;Pérez Galdós - Marqués de Zenete;T;0;20;20;T;28/11/2022 10:51:09;{87105A68-81EF-4565-8920-DDB0AA8CEA13};;;;;"{""coordinates"": [-0.38736643250783204, 39.46405230416093], ""type"": ""Point""}";39.46405230416093,-0.38736643250783204
901739;159_FRANCISCO CUBELLS;159;Francisco Cubells - San José de la Vega;T;0;17;17;F;28/11/2022 10:51:09;{6BAFD840-14A1-4FF1-9209-7E3C1C2085C6};;;;;"{""coordinates"": [-0.3347222532485526, 39.463449276866356], ""type"": ""Point""}";39.463449276866356,-0.3347222532485526
901759;179_AVENIDA_DE_LA_PLATA_45;179;Av. de la Plata - Zapadores;T;4;19;23;F;28/11/2022 10:51:09;{AC0C8FC4-7AAD-452C-A11F-8753591927A4};;;;;"{""coordinates"": [-0.36642636792637634, 39.45547226612543], ""type"": ""Point""}";39.45547226612543,-0.36642636792637634
901738;158_DR.LLUNCH;158;Doctor Lluch - Virgen del Sufragio;T;10;4;15;F;28/11/2022 10:51:09;{49AB78B2-28E3-4572-B1EB-AC7D1F8F042E};;;;;"{""coordinates"": [-0.3277192268301427, 39.46669828513057], ""type"": ""Point""}";39.46669828513057,-0.3277192268301427
901758;178_CALLE_REIG_GENOVES;178;Reig Genovés - Ramón Contreras Mongrell;T;0;20;20;F;28/11/2022 10:51:09;{D44C4D05-48CB-498C-BB18-6340DBD0C81C};;;;;"{""coordinates"": [-0.3705063522665271, 39.49221639017785], ""type"": ""Point""}";39.49221639017785,-0.3705063522665271
901760;180_AVENIDA_DOCTOR_WAKSMAN;180;Doctor Waksman - Nieves;T;6;14;20;T;28/11/2022 10:51:09;{2CEB3064-782C-4CDA-AC57-AB34725FDF7E};;;;;"{""coordinates"": [-0.3706833820688013, 39.45602126922772], ""type"": ""Point""}";39.45602126922772,-0.3706833820688013
901783;203_CALLE_REINA_VIOLANTE;203;Reina Violante - Escultor García Mas;T;4;11;15;F;28/11/2022 10:51:09;{935E348B-D104-4AAC-BFCB-E03BC2BB7081};;;;;"{""coordinates"": [-0.40118246297404103, 39.48460937883364], ""type"": ""Point""}";39.48460937883364,-0.40118246297404103
901815;235_CONDE_DE_TORREFIEL_CECILIO_PLA;235;Conde Torrefiel - Cecilio Plá;T;11;4;15;T;28/11/2022 10:51:09;{0CD21452-4AAD-48E9-9BEE-BB7B5D50CFE5};;;;;"{""coordinates"": [-0.3772033703255944, 39.49804541205544], ""type"": ""Point""}";39.49804541205544,-0.3772033703255944
901825;245_9_DE_OCTUBRE_CIEZA;245;Nueve de Octubre - Cieza;T;2;18;20;F;28/11/2022 10:51:09;{2C2F01DA-8A58-4ED7-AF5A-06FB3E509923};;;;;"{""coordinates"": [-0.40527029936434095, 39.47213024806011], ""type"": ""Point""}";39.47213024806011,-0.40527029936434095
901820;240_CAMP_DEL_TURIA_AVDA_CORTES_VALENCIANAS;240;Camp del Turia - Corts Valencianes;T;6;14;20;F;28/11/2022 10:51:09;{4AEFF032-243A-4086-98E7-295DD2BA91C9};;;;;"{""coordinates"": [-0.40154745608135123, 39.495004413973305], ""type"": ""Point""}";39.495004413973305,-0.40154745608135123
901782;202_PASEO_PECHINA;202;Pechina - Teruel;T;7;12;20;T;28/11/2022 10:51:09;{36BE8625-9F3A-49E7-A16D-886F3DD9CA1D};;;;;"{""coordinates"": [-0.39333444304417053, 39.47622234753723], ""type"": ""Point""}";39.47622234753723,-0.39333444304417053
901784;204_AVDA_GENERAL_AVILES;204;Corts Valencianes - General Avilés;T;2;18;20;T;28/11/2022 10:51:09;{95217B7F-089C-4B90-8B29-69D545D169A2};;;;;"{""coordinates"": [-0.3965874461307865, 39.485843380594176], ""type"": ""Point""}";39.485843380594176,-0.3965874461307865
901802;222_AVDA_MAESTRO_RODRIGO_ESQ_AVDA_MANUEL_DE_FALLA;222;Maestro Rodrigo - Manuel de Falla;T;11;8;20;F;28/11/2022 10:51:09;{BE5E159C-473D-41B7-9196-94B00EEF1EDB};;;;;"{""coordinates"": [-0.39728245609920837, 39.47689335174765], ""type"": ""Point""}";39.47689335174765,-0.39728245609920837
901781;201_AVDA_PEREZ_GALDOS;201;Perez Galdós - Nou Moles;T;11;9;20;F;28/11/2022 10:51:09;{5CE08FC8-41CB-4874-8F9E-DA3CA235FCF7};;;;;"{""coordinates"": [-0.39366844724894096, 39.47171233289752], ""type"": ""Point""}";39.47171233289752,-0.39366844724894096
901786;206_CALLE_PERIODISTA_GIL_SUMBIELA;206;Periodista Gil Sumbiela - Poeta Serrano Clavero;T;0;15;15;F;28/11/2022 10:51:09;{075415F2-E420-4C4D-B460-1E5E03235277};;;;;"{""coordinates"": [-0.38900741524280136, 39.49271239990425], ""type"": ""Point""}";39.49271239990425,-0.38900741524280136
901829;249_AVDA_TRES_CRUCES_SEGUNDA_REPUBLICA_ESPAÑOLA;249;Tres Cruces - Segunda República Española;T;4;10;15;F;28/11/2022 10:51:09;{818D5FF1-E1DE-4F85-B86F-77C470C3A793};;;;;"{""coordinates"": [-0.4027404883331656, 39.459506295875165], ""type"": ""Point""}";39.459506295875165,-0.4027404883331656
901830;250_AVDA_TRES_CRUCES_PIO_XI;250;Tres Cruces - Pio XI;T;13;2;15;F;28/11/2022 10:51:09;{1CBFEE3B-88E4-478F-A8DF-D3931FAD15AC};;;;;"{""coordinates"": [-0.4008070181198941, 39.456352245577065], ""type"": ""Point""}";39.456352245577065,-0.4008070181198941
901834;254_AVDA_DR_TOMAS_SALA_CARTEROS;254;Doctor Tomás Sala - Carteros;T;8;11;19;T;28/11/2022 10:51:09;{0A8133A4-4228-4DB0-B1C2-2B40B490F1B9};;;;;"{""coordinates"": [-0.3899174536874086, 39.447714251158565], ""type"": ""Point""}";39.447714251158565,-0.3899174536874086
901785;205_CALLE_NICASIO_BENLLOCH;205;Nicasio Benlloch - Amics dels Corpus;T;1;23;24;T;28/11/2022 10:51:09;{F474091E-2147-4802-82AB-BCF22DFD884D};;;;;"{""coordinates"": [-0.3930904323547156, 39.48928739053543], ""type"": ""Point""}";39.48928739053543,-0.3930904323547156
901821;241_VALL_DE_ALBAIDA_PEATONAL;241;La Vall d'Albaida - Corts Valencianes;T;15;0;15;F;28/11/2022 10:51:09;{2388B26D-5F65-4720-9127-40F767F14256};;;;;"{""coordinates"": [-0.4018904586642118, 39.49297840711153], ""type"": ""Point""}";39.49297840711153,-0.4018904586642118
901831;251_ARQUITECTO_SEGURA_LAGO_CAMINO_NUEVO_DE_PICAÑA;251;Arquitecto Segura del Lago - Camino Nuevo de Picaña;T;2;13;15;T;28/11/2022 10:51:09;{068DEBA4-13E3-448A-A784-4D4E17676AD5};;;;;"{""coordinates"": [-0.4044134972721287, 39.45583028505104], ""type"": ""Point""}";39.45583028505104,-0.4044134972721287
901791;211_CALLE_FRAY_JUNÍPERO_SERRA_ESQ_CALLE_VALL_D'UIX;211;Fray Junípero Serra - Vall d'Uixó;T;1;14;15;F;28/11/2022 10:51:09;{A318E941-4A15-4C46-B549-20BDEBF74990};;;;;"{""coordinates"": [-0.3977574716661004, 39.45872629171394], ""type"": ""Point""}";39.45872629171394,-0.3977574716661004
901795;215_CALLE_MUSICO_AYLLON_ESQ_CALLE_FRANCISCO_DOLZ;215;Músico Ayllón - Francisco Dolz;T;3;12;15;T;28/11/2022 10:51:09;{19A2533B-091D-4766-B0E3-84FAD57DD424};;;;;"{""coordinates"": [-0.39674846254882856, 39.46567131414367], ""type"": ""Point""}";39.46567131414367,-0.39674846254882856
901799;219_CALLE_CASTAN_TOBEÑAS_ESQ_CALLE_VELAZQUEZ;219;Castán Tobeñas - Rincon de Ademuz;T;9;9;18;F;28/11/2022 10:51:09;{CBF17FCE-568D-4637-AFA2-22C0E50987BF};;;;;"{""coordinates"": [-0.40303029799024204, 39.47265724610551], ""type"": ""Point""}";39.47265724610551,-0.40303029799024204
901811;231_CALLE_DE_ALCAÑIZ_ESQ_CALLE_CAMBRILS;231;Alcañiz - Cambrils;T;0;15;15;T;28/11/2022 10:51:09;{ABE12121-73CF-4DAB-8B98-672E70289531};;;;;"{""coordinates"": [-0.3786213772644184, 39.49507240298451], ""type"": ""Point""}";39.49507240298451,-0.3786213772644184
901792;212_CALLE_FRAY_JUANÍPERO_SERRA_ESQ_CALLE_TORRENTE;212;Fray Juanípero Serra - Torrente;T;0;15;15;T;28/11/2022 10:51:09;{B855DA0F-5E95-41D4-A26A-2D98A05A3CB7};;;;;"{""coordinates"": [-0.40039647823746194, 39.46148430130945], ""type"": ""Point""}";39.46148430130945,-0.40039647823746194
901796;216_AVDA_DEL_CID_ESQ_CALLE_BURGOS;216;Av. del Cid - Burgos;T;2;15;17;F;28/11/2022 10:51:09;{6F47FA74-9783-4A42-8675-3086D0759E73};;;;;"{""coordinates"": [-0.3994613007254756, 39.469162243634074], ""type"": ""Point""}";39.469162243634074,-0.3994613007254756
901810;230_CALLE_POETA_SERRANO_CLAVERO_EQ_GENERAL_LLORENS;230;Poeta Serrano Clavero - General Llorens;T;3;12;15;F;28/11/2022 10:51:09;{67C10CDD-5790-4193-AA50-BE37FD09F210};;;;;"{""coordinates"": [-0.38678440634001116, 39.49475040560395], ""type"": ""Point""}";39.49475040560395,-0.38678440634001116
901812;232_SAN_VICENTE_DE_PAUL_SANTIAGO_RUSIÑOL;232;San Vicente Paul - Santiago Rusiñol;T;10;4;15;T;28/11/2022 10:51:09;{7287C2B3-1BEC-44D9-A401-E1171171C1F2};;;;;"{""coordinates"": [-0.36575333473149996, 39.49464439592328], ""type"": ""Point""}";39.49464439592328,-0.36575333473149996
901837;257_PLAZA_SALVADOR_SORIA_ESQ_PIO_X;257;Plaza Salvador Soria, 8;T;1;19;20;F;28/11/2022 10:51:09;{45A101A6-08AF-4D05-AC68-D4B114D65A01};;;;;"{""coordinates"": [-0.38910445245389036, 39.44525124234686], ""type"": ""Point""}";39.44525124234686,-0.38910445245389036
901839;259_CALLE_PIO_IX_POLIDEPORTIVO_RAMBLETA;259;Pio IX - Músico Cabanilles;T;2;18;20;T;28/11/2022 10:51:09;{AF019CEC-0648-44D9-B867-AF5368AFB308};;;;;"{""coordinates"": [-0.3930154660803912, 39.44546024514969], ""type"": ""Point""}";39.44546024514969,-0.3930154660803912
901844;264_AVDA_CID_ANTES_MARCONI;264;Av. del Cid - Marconi;T;0;20;20;T;28/11/2022 10:51:09;{AF111BF4-F326-44CF-B082-4126D1915AAB};;;;;"{""coordinates"": [-0.4144325204450301, 39.46916033373618], ""type"": ""Point""}";39.46916033373618,-0.4144325204450301
901848;268_PZA_LUIS_CANO_5;268;Plaza Luis Cano, 5;T;1;9;10;T;28/11/2022 10:51:09;{39875376-7FE6-4508-943F-48F7B98D3CF4};;;;;"{""coordinates"": [-0.41849350927046264, 39.50144544298018], ""type"": ""Point""}";39.50144544298018,-0.41849350927046264
901856;276_EDIFICIO_VELES_E_VENTS;276;Veles e Vents;T;12;8;20;T;28/11/2022 10:51:09;{B13CDA5D-A3AD-4B8A-A31F-22471B98316E};;;;;"{""coordinates"": [-0.32376521655842594, 39.46197526682713], ""type"": ""Point""}";39.46197526682713,-0.32376521655842594
